Using pre-set license
Built from '6000.0/respin/6000.0.59f1-063c55f2fd0f' branch; Version is '6000.0.59f2 (ef281c76c3c1) revision 15673372'; Using compiler version '193933523'; Build Type 'Release'
OS: 'Windows 11  (10.0.26200) 64bit Professional' Language: 'ja' Physical Memory: 32486 MB
BatchMode: 1, IsHumanControllingUs: 0, StartBugReporterOnCrash: 0, Is64bit: 1
Date: 2026-04-15T06:26:49Z

COMMAND LINE ARGUMENTS:
C:\Program Files\Unity\Hub\Editor\6000.0.59f2-x86_64\Editor\Unity.exe
-adb2
-batchMode
-noUpm
-name
AssetImportWorker16
-projectPath
C:/Users/student/Documents/GitHub/assignment2-uic-tickets/Project/tickets
-logFile
Logs/AssetImportWorker16.log
-srvPort
63071
-job-worker-count
11
-background-job-worker-count
8
-gc-helper-count
1
-name
AssetImport
Successfully changed project path to: C:/Users/student/Documents/GitHub/assignment2-uic-tickets/Project/tickets
C:/Users/student/Documents/GitHub/assignment2-uic-tickets/Project/tickets
[UnityMemory] Configuration Parameters - Can be set up in boot.config
    "memorysetup-bucket-allocator-granularity=16"
    "memorysetup-bucket-allocator-bucket-count=8"
    "memorysetup-bucket-allocator-block-size=33554432"
    "memorysetup-bucket-allocator-block-count=8"
    "memorysetup-main-allocator-block-size=16777216"
    "memorysetup-thread-allocator-block-size=16777216"
    "memorysetup-gfx-main-allocator-block-size=16777216"
    "memorysetup-gfx-thread-allocator-block-size=16777216"
    "memorysetup-cache-allocator-block-size=4194304"
    "memorysetup-typetree-allocator-block-size=2097152"
    "memorysetup-profiler-bucket-allocator-granularity=16"
    "memorysetup-profiler-bucket-allocator-bucket-count=8"
    "memorysetup-profiler-bucket-allocator-block-size=33554432"
    "memorysetup-profiler-bucket-allocator-block-count=8"
    "memorysetup-profiler-allocator-block-size=16777216"
    "memorysetup-profiler-editor-allocator-block-size=1048576"
    "memorysetup-temp-allocator-size-main=16777216"
    "memorysetup-job-temp-allocator-block-size=2097152"
    "memorysetup-job-temp-allocator-block-size-background=1048576"
    "memorysetup-job-temp-allocator-reduction-small-platforms=262144"
    "memorysetup-allocator-temp-initial-block-size-main=262144"
    "memorysetup-allocator-temp-initial-block-size-worker=262144"
    "memorysetup-temp-allocator-size-background-worker=32768"
    "memorysetup-temp-allocator-size-job-worker=262144"
    "memorysetup-temp-allocator-size-preload-manager=33554432"
    "memorysetup-temp-allocator-size-nav-mesh-worker=65536"
    "memorysetup-temp-allocator-size-audio-worker=65536"
    "memorysetup-temp-allocator-size-cloud-worker=32768"
    "memorysetup-temp-allocator-size-gi-baking-worker=262144"
    "memorysetup-temp-allocator-size-gi-baking-worker=262144"
    "memorysetup-temp-allocator-size-gi-baking-worker=262144"
    "memorysetup-temp-allocator-size-gi-baking-worker=262144"
    "memorysetup-temp-allocator-size-gi-baking-worker=262144"
    "memorysetup-temp-allocator-size-gfx=262144"
Player connection [41124]  Target information:

Player connection [41124]  * "[IP] 10.204.97.26 [Port] 0 [Flags] 2 [Guid] 2035829693 [EditorId] 2035829693 [Version] 1048832 [Id] WindowsEditor(7,PC-U24-G15) [Debug] 1 [PackageName] WindowsEditor [ProjectName] Editor" 

Player connection [41124] Host joined multi-casting on [225.0.0.222:54997]...
Player connection [41124] Host joined alternative multi-casting on [225.0.0.222:34997]...
JobSystem: Creating JobQueue using job-worker-count value 11
Input System module state changed to: Initialized.
[Physics::Module] Initialized fallback backend.
[Physics::Module] Id: 0xdecafbad
Library Redirect Path: Library/
[Physics::Module] Selected backend.
[Physics::Module] Name: PhysX
[Physics::Module] Id: 0xf2b8ea05
[Physics::Module] SDK Version: 4.1.2
[Physics::Module] Integration Version: 1.0.0
[Physics::Module] Threading Mode: Multi-Threaded
Refreshing native plugins compatible for Editor in 1.77 ms, found 4 plugins.
Preloading 0 native plugins for Editor in 0.00 ms.
Initialize engine version: 6000.0.59f2 (ef281c76c3c1)
[Subsystems] Discovering subsystems at path C:/Program Files/Unity/Hub/Editor/6000.0.59f2-x86_64/Editor/Data/Resources/UnitySubsystems
[Subsystems] Discovering subsystems at path C:/Users/student/Documents/GitHub/assignment2-uic-tickets/Project/tickets/Assets
GfxDevice: creating device client; kGfxThreadingModeNonThreaded
Direct3D:
    Version:  Direct3D 11.0 [level 11.1]
    Renderer: NVIDIA GeForce RTX 4060 Ti (ID=0x2803)
    Vendor:   NVIDIA
    VRAM:     7949 MB
    Driver:   32.0.15.8195
Initialize mono
Mono path[0] = 'C:/Program Files/Unity/Hub/Editor/6000.0.59f2-x86_64/Editor/Data/Managed'
Mono path[1] = 'C:/Program Files/Unity/Hub/Editor/6000.0.59f2-x86_64/Editor/Data/MonoBleedingEdge/lib/mono/unityjit-win32'
Mono config path = 'C:/Program Files/Unity/Hub/Editor/6000.0.59f2-x86_64/Editor/Data/MonoBleedingEdge/etc'
Using monoOptions --debugger-agent=transport=dt_socket,embedding=1,server=y,suspend=n,address=127.0.0.1:56184
Begin MonoManager ReloadAssembly
Registering precompiled unity dll's ...
Register platform support module: C:/Program Files/Unity/Hub/Editor/6000.0.59f2-x86_64/Editor/Data/PlaybackEngines/WindowsStandaloneSupport/UnityEditor.WindowsStandalone.Extensions.dll
Registered in 0.001593 seconds.
- Loaded All Assemblies, in  0.226 seconds
Native extension for WindowsStandalone target not found
Mono: successfully reloaded assembly
- Finished resetting the current domain, in  0.202 seconds
Domain Reload Profiling: 427ms
	BeginReloadAssembly (60ms)
		ExecutionOrderSort (0ms)
		DisableScriptedObjects (0ms)
		BackupInstance (0ms)
		ReleaseScriptingObjects (0ms)
		CreateAndSetChildDomain (1ms)
	RebuildCommonClasses (23ms)
	RebuildNativeTypeToScriptingClass (8ms)
	initialDomainReloadingComplete (32ms)
	LoadAllAssembliesAndSetupDomain (101ms)
		LoadAssemblies (59ms)
		RebuildTransferFunctionScriptingTraits (0ms)
		AnalyzeDomain (99ms)
			TypeCache.Refresh (98ms)
				TypeCache.ScanAssembly (89ms)
			BuildScriptInfoCaches (0ms)
			ResolveRequiredComponents (0ms)
	FinalizeReload (203ms)
		ReleaseScriptCaches (0ms)
		RebuildScriptCaches (0ms)
		SetupLoadedEditorAssemblies (175ms)
			LogAssemblyErrors (0ms)
			InitializePlatformSupportModulesInManaged (15ms)
			SetLoadedEditorAssemblies (3ms)
			BeforeProcessingInitializeOnLoad (36ms)
			ProcessInitializeOnLoadAttributes (88ms)
			ProcessInitializeOnLoadMethodAttributes (32ms)
			AfterProcessingInitializeOnLoad (0ms)
			EditorAssembliesLoaded (0ms)
		ExecutionOrderSort2 (0ms)
		AwakeInstancesAfterBackupRestoration (0ms)
========================================================================
Worker process is ready to serve import requests
Import Worker Mode flag is 0x00
Begin MonoManager ReloadAssembly
- Loaded All Assemblies, in  0.471 seconds
Refreshing native plugins compatible for Editor in 1.05 ms, found 4 plugins.
Native extension for WindowsStandalone target not found
Refreshing native plugins compatible for Editor in 1.18 ms, found 4 plugins.
Package Manager log level set to [2]
[Package Manager] Failed to launch server process. Reason: Unity was launched with the -noUpm command-line argument
[Package Manager] Unable to send message (not connected to server process).
[Package Manager] Cannot connect to Unity Package Manager local server
Mono: successfully reloaded assembly
- Finished resetting the current domain, in  0.490 seconds
Domain Reload Profiling: 960ms
	BeginReloadAssembly (90ms)
		ExecutionOrderSort (0ms)
		DisableScriptedObjects (3ms)
		BackupInstance (0ms)
		ReleaseScriptingObjects (0ms)
		CreateAndSetChildDomain (18ms)
	RebuildCommonClasses (23ms)
	RebuildNativeTypeToScriptingClass (7ms)
	initialDomainReloadingComplete (24ms)
	LoadAllAssembliesAndSetupDomain (325ms)
		LoadAssemblies (204ms)
		RebuildTransferFunctionScriptingTraits (0ms)
		AnalyzeDomain (161ms)
			TypeCache.Refresh (117ms)
				TypeCache.ScanAssembly (108ms)
			BuildScriptInfoCaches (35ms)
			ResolveRequiredComponents (6ms)
	FinalizeReload (491ms)
		ReleaseScriptCaches (0ms)
		RebuildScriptCaches (0ms)
		SetupLoadedEditorAssemblies (372ms)
			LogAssemblyErrors (0ms)
			InitializePlatformSupportModulesInManaged (2ms)
			SetLoadedEditorAssemblies (3ms)
			BeforeProcessingInitializeOnLoad (69ms)
			ProcessInitializeOnLoadAttributes (261ms)
			ProcessInitializeOnLoadMethodAttributes (33ms)
			AfterProcessingInitializeOnLoad (4ms)
			EditorAssembliesLoaded (0ms)
		ExecutionOrderSort2 (0ms)
		AwakeInstancesAfterBackupRestoration (4ms)
Launched and connected shader compiler UnityShaderCompiler.exe after 0.01 seconds
Refreshing native plugins compatible for Editor in 0.96 ms, found 4 plugins.
Preloading 0 native plugins for Editor in 0.00 ms.
Unloading 13 Unused Serialized files (Serialized files now loaded: 0)
Unloading 6427 unused Assets / (4.4 MB). Loaded Objects now: 7125.
Memory consumption went from 137.8 MB to 133.5 MB.
Total: 4.903200 ms (FindLiveObjects: 0.401700 ms CreateObjectMapping: 0.236400 ms MarkObjects: 2.882000 ms  DeleteObjects: 1.382300 ms)

========================================================================
Received Prepare
Begin MonoManager ReloadAssembly
- Loaded All Assemblies, in  0.467 seconds
Refreshing native plugins compatible for Editor in 0.89 ms, found 4 plugins.
Native extension for WindowsStandalone target not found
[Package Manager] Failed to launch server process. Reason: Unity was launched with the -noUpm command-line argument
[Package Manager] Unable to send message (not connected to server process).
[Package Manager] Cannot connect to Unity Package Manager local server
Mono: successfully reloaded assembly
- Finished resetting the current domain, in  0.447 seconds
Domain Reload Profiling: 915ms
	BeginReloadAssembly (133ms)
		ExecutionOrderSort (0ms)
		DisableScriptedObjects (3ms)
		BackupInstance (0ms)
		ReleaseScriptingObjects (0ms)
		CreateAndSetChildDomain (41ms)
	RebuildCommonClasses (23ms)
	RebuildNativeTypeToScriptingClass (9ms)
	initialDomainReloadingComplete (18ms)
	LoadAllAssembliesAndSetupDomain (285ms)
		LoadAssemblies (207ms)
		RebuildTransferFunctionScriptingTraits (0ms)
		AnalyzeDomain (120ms)
			TypeCache.Refresh (5ms)
				TypeCache.ScanAssembly (0ms)
			BuildScriptInfoCaches (104ms)
			ResolveRequiredComponents (8ms)
	FinalizeReload (447ms)
		ReleaseScriptCaches (0ms)
		RebuildScriptCaches (0ms)
		SetupLoadedEditorAssemblies (342ms)
			LogAssemblyErrors (0ms)
			InitializePlatformSupportModulesInManaged (2ms)
			SetLoadedEditorAssemblies (5ms)
			BeforeProcessingInitializeOnLoad (71ms)
			ProcessInitializeOnLoadAttributes (227ms)
			ProcessInitializeOnLoadMethodAttributes (35ms)
			AfterProcessingInitializeOnLoad (3ms)
			EditorAssembliesLoaded (0ms)
		ExecutionOrderSort2 (0ms)
		AwakeInstancesAfterBackupRestoration (11ms)
Refreshing native plugins compatible for Editor in 0.91 ms, found 4 plugins.
Preloading 0 native plugins for Editor in 0.00 ms.
Unloading 13 Unused Serialized files (Serialized files now loaded: 0)
Unloading 6425 unused Assets / (3.9 MB). Loaded Objects now: 7141.
Memory consumption went from 149.1 MB to 145.2 MB.
Total: 5.165000 ms (FindLiveObjects: 0.521500 ms CreateObjectMapping: 0.293100 ms MarkObjects: 3.106400 ms  DeleteObjects: 1.243000 ms)

Prepare: number of updated asset objects reloaded= 0
========================================================================
Received Prepare
Refreshing native plugins compatible for Editor in 0.96 ms, found 4 plugins.
Preloading 0 native plugins for Editor in 0.00 ms.
Unloading 13 Unused Serialized files (Serialized files now loaded: 0)
Unloading 6413 unused Assets / (4.2 MB). Loaded Objects now: 7141.
Memory consumption went from 149.2 MB to 145.0 MB.
Total: 7.904200 ms (FindLiveObjects: 0.747200 ms CreateObjectMapping: 0.173300 ms MarkObjects: 4.845800 ms  DeleteObjects: 2.137000 ms)

Prepare: number of updated asset objects reloaded= 0
========================================================================
Received Prepare
Begin MonoManager ReloadAssembly
- Loaded All Assemblies, in  0.514 seconds
Refreshing native plugins compatible for Editor in 1.00 ms, found 4 plugins.
Native extension for WindowsStandalone target not found
[Package Manager] Failed to launch server process. Reason: Unity was launched with the -noUpm command-line argument
[Package Manager] Unable to send message (not connected to server process).
[Package Manager] Cannot connect to Unity Package Manager local server
Mono: successfully reloaded assembly
- Finished resetting the current domain, in  0.518 seconds
Domain Reload Profiling: 1031ms
	BeginReloadAssembly (118ms)
		ExecutionOrderSort (0ms)
		DisableScriptedObjects (3ms)
		BackupInstance (0ms)
		ReleaseScriptingObjects (0ms)
		CreateAndSetChildDomain (30ms)
	RebuildCommonClasses (29ms)
	RebuildNativeTypeToScriptingClass (14ms)
	initialDomainReloadingComplete (28ms)
	LoadAllAssembliesAndSetupDomain (324ms)
		LoadAssemblies (229ms)
		RebuildTransferFunctionScriptingTraits (0ms)
		AnalyzeDomain (140ms)
			TypeCache.Refresh (9ms)
				TypeCache.ScanAssembly (1ms)
			BuildScriptInfoCaches (120ms)
			ResolveRequiredComponents (7ms)
	FinalizeReload (518ms)
		ReleaseScriptCaches (0ms)
		RebuildScriptCaches (0ms)
		SetupLoadedEditorAssemblies (416ms)
			LogAssemblyErrors (0ms)
			InitializePlatformSupportModulesInManaged (4ms)
			SetLoadedEditorAssemblies (4ms)
			BeforeProcessingInitializeOnLoad (82ms)
			ProcessInitializeOnLoadAttributes (295ms)
			ProcessInitializeOnLoadMethodAttributes (29ms)
			AfterProcessingInitializeOnLoad (3ms)
			EditorAssembliesLoaded (0ms)
		ExecutionOrderSort2 (0ms)
		AwakeInstancesAfterBackupRestoration (9ms)
Refreshing native plugins compatible for Editor in 0.94 ms, found 4 plugins.
Preloading 0 native plugins for Editor in 0.00 ms.
Unloading 13 Unused Serialized files (Serialized files now loaded: 0)
Unloading 6425 unused Assets / (4.5 MB). Loaded Objects now: 7144.
Memory consumption went from 149.0 MB to 144.5 MB.
Total: 6.205900 ms (FindLiveObjects: 0.695700 ms CreateObjectMapping: 0.211400 ms MarkObjects: 3.059400 ms  DeleteObjects: 2.238100 ms)

Prepare: number of updated asset objects reloaded= 0
========================================================================
Received Prepare
Begin MonoManager ReloadAssembly
- Loaded All Assemblies, in  0.441 seconds
Refreshing native plugins compatible for Editor in 0.95 ms, found 4 plugins.
Native extension for WindowsStandalone target not found
[Package Manager] Failed to launch server process. Reason: Unity was launched with the -noUpm command-line argument
[Package Manager] Unable to send message (not connected to server process).
[Package Manager] Cannot connect to Unity Package Manager local server
Mono: successfully reloaded assembly
- Finished resetting the current domain, in  0.432 seconds
Domain Reload Profiling: 874ms
	BeginReloadAssembly (112ms)
		ExecutionOrderSort (0ms)
		DisableScriptedObjects (3ms)
		BackupInstance (0ms)
		ReleaseScriptingObjects (0ms)
		CreateAndSetChildDomain (27ms)
	RebuildCommonClasses (23ms)
	RebuildNativeTypeToScriptingClass (8ms)
	initialDomainReloadingComplete (19ms)
	LoadAllAssembliesAndSetupDomain (280ms)
		LoadAssemblies (202ms)
		RebuildTransferFunctionScriptingTraits (0ms)
		AnalyzeDomain (118ms)
			TypeCache.Refresh (5ms)
				TypeCache.ScanAssembly (0ms)
			BuildScriptInfoCaches (104ms)
			ResolveRequiredComponents (6ms)
	FinalizeReload (432ms)
		ReleaseScriptCaches (0ms)
		RebuildScriptCaches (0ms)
		SetupLoadedEditorAssemblies (330ms)
			LogAssemblyErrors (0ms)
			InitializePlatformSupportModulesInManaged (2ms)
			SetLoadedEditorAssemblies (3ms)
			BeforeProcessingInitializeOnLoad (71ms)
			ProcessInitializeOnLoadAttributes (220ms)
			ProcessInitializeOnLoadMethodAttributes (32ms)
			AfterProcessingInitializeOnLoad (3ms)
			EditorAssembliesLoaded (0ms)
		ExecutionOrderSort2 (0ms)
		AwakeInstancesAfterBackupRestoration (12ms)
Refreshing native plugins compatible for Editor in 1.21 ms, found 4 plugins.
Preloading 0 native plugins for Editor in 0.00 ms.
Unloading 13 Unused Serialized files (Serialized files now loaded: 0)
Unloading 6425 unused Assets / (4.0 MB). Loaded Objects now: 7147.
Memory consumption went from 149.1 MB to 145.2 MB.
Total: 5.339900 ms (FindLiveObjects: 0.397000 ms CreateObjectMapping: 0.230300 ms MarkObjects: 3.221200 ms  DeleteObjects: 1.489900 ms)

Prepare: number of updated asset objects reloaded= 0
========================================================================
Received Prepare
Begin MonoManager ReloadAssembly
- Loaded All Assemblies, in  0.448 seconds
Refreshing native plugins compatible for Editor in 0.92 ms, found 4 plugins.
Native extension for WindowsStandalone target not found
[Package Manager] Failed to launch server process. Reason: Unity was launched with the -noUpm command-line argument
[Package Manager] Unable to send message (not connected to server process).
[Package Manager] Cannot connect to Unity Package Manager local server
Mono: successfully reloaded assembly
- Finished resetting the current domain, in  0.428 seconds
Domain Reload Profiling: 877ms
	BeginReloadAssembly (112ms)
		ExecutionOrderSort (0ms)
		DisableScriptedObjects (3ms)
		BackupInstance (0ms)
		ReleaseScriptingObjects (0ms)
		CreateAndSetChildDomain (28ms)
	RebuildCommonClasses (22ms)
	RebuildNativeTypeToScriptingClass (8ms)
	initialDomainReloadingComplete (19ms)
	LoadAllAssembliesAndSetupDomain (287ms)
		LoadAssemblies (202ms)
		RebuildTransferFunctionScriptingTraits (0ms)
		AnalyzeDomain (124ms)
			TypeCache.Refresh (5ms)
				TypeCache.ScanAssembly (0ms)
			BuildScriptInfoCaches (109ms)
			ResolveRequiredComponents (6ms)
	FinalizeReload (428ms)
		ReleaseScriptCaches (0ms)
		RebuildScriptCaches (0ms)
		SetupLoadedEditorAssemblies (330ms)
			LogAssemblyErrors (0ms)
			InitializePlatformSupportModulesInManaged (2ms)
			SetLoadedEditorAssemblies (3ms)
			BeforeProcessingInitializeOnLoad (70ms)
			ProcessInitializeOnLoadAttributes (224ms)
			ProcessInitializeOnLoadMethodAttributes (29ms)
			AfterProcessingInitializeOnLoad (3ms)
			EditorAssembliesLoaded (0ms)
		ExecutionOrderSort2 (0ms)
		AwakeInstancesAfterBackupRestoration (9ms)
Refreshing native plugins compatible for Editor in 1.63 ms, found 4 plugins.
Preloading 0 native plugins for Editor in 0.00 ms.
Unloading 13 Unused Serialized files (Serialized files now loaded: 0)
Unloading 6425 unused Assets / (3.8 MB). Loaded Objects now: 7150.
Memory consumption went from 149.2 MB to 145.3 MB.
Total: 4.882400 ms (FindLiveObjects: 0.440300 ms CreateObjectMapping: 0.255400 ms MarkObjects: 2.853600 ms  DeleteObjects: 1.332300 ms)

Prepare: number of updated asset objects reloaded= 0
========================================================================
Received Prepare
Begin MonoManager ReloadAssembly
- Loaded All Assemblies, in  0.451 seconds
Refreshing native plugins compatible for Editor in 0.91 ms, found 4 plugins.
Native extension for WindowsStandalone target not found
[Package Manager] Failed to launch server process. Reason: Unity was launched with the -noUpm command-line argument
[Package Manager] Unable to send message (not connected to server process).
[Package Manager] Cannot connect to Unity Package Manager local server
Mono: successfully reloaded assembly
- Finished resetting the current domain, in  0.425 seconds
Domain Reload Profiling: 877ms
	BeginReloadAssembly (112ms)
		ExecutionOrderSort (0ms)
		DisableScriptedObjects (3ms)
		BackupInstance (0ms)
		ReleaseScriptingObjects (0ms)
		CreateAndSetChildDomain (28ms)
	RebuildCommonClasses (22ms)
	RebuildNativeTypeToScriptingClass (11ms)
	initialDomainReloadingComplete (24ms)
	LoadAllAssembliesAndSetupDomain (282ms)
		LoadAssemblies (201ms)
		RebuildTransferFunctionScriptingTraits (0ms)
		AnalyzeDomain (121ms)
			TypeCache.Refresh (5ms)
				TypeCache.ScanAssembly (0ms)
			BuildScriptInfoCaches (106ms)
			ResolveRequiredComponents (6ms)
	FinalizeReload (426ms)
		ReleaseScriptCaches (0ms)
		RebuildScriptCaches (0ms)
		SetupLoadedEditorAssemblies (331ms)
			LogAssemblyErrors (0ms)
			InitializePlatformSupportModulesInManaged (2ms)
			SetLoadedEditorAssemblies (3ms)
			BeforeProcessingInitializeOnLoad (70ms)
			ProcessInitializeOnLoadAttributes (223ms)
			ProcessInitializeOnLoadMethodAttributes (30ms)
			AfterProcessingInitializeOnLoad (3ms)
			EditorAssembliesLoaded (0ms)
		ExecutionOrderSort2 (0ms)
		AwakeInstancesAfterBackupRestoration (9ms)
Refreshing native plugins compatible for Editor in 1.24 ms, found 4 plugins.
Preloading 0 native plugins for Editor in 0.00 ms.
Unloading 13 Unused Serialized files (Serialized files now loaded: 0)
Unloading 6425 unused Assets / (3.9 MB). Loaded Objects now: 7153.
Memory consumption went from 149.2 MB to 145.3 MB.
Total: 5.597800 ms (FindLiveObjects: 0.401400 ms CreateObjectMapping: 0.253600 ms MarkObjects: 3.374200 ms  DeleteObjects: 1.567600 ms)

Prepare: number of updated asset objects reloaded= 0
========================================================================
Received Prepare
Begin MonoManager ReloadAssembly
- Loaded All Assemblies, in  0.438 seconds
Refreshing native plugins compatible for Editor in 1.74 ms, found 4 plugins.
Native extension for WindowsStandalone target not found
[Package Manager] Failed to launch server process. Reason: Unity was launched with the -noUpm command-line argument
[Package Manager] Unable to send message (not connected to server process).
[Package Manager] Cannot connect to Unity Package Manager local server
Mono: successfully reloaded assembly
- Finished resetting the current domain, in  0.419 seconds
Domain Reload Profiling: 857ms
	BeginReloadAssembly (113ms)
		ExecutionOrderSort (0ms)
		DisableScriptedObjects (4ms)
		BackupInstance (0ms)
		ReleaseScriptingObjects (0ms)
		CreateAndSetChildDomain (27ms)
	RebuildCommonClasses (22ms)
	RebuildNativeTypeToScriptingClass (8ms)
	initialDomainReloadingComplete (19ms)
	LoadAllAssembliesAndSetupDomain (277ms)
		LoadAssemblies (197ms)
		RebuildTransferFunctionScriptingTraits (0ms)
		AnalyzeDomain (121ms)
			TypeCache.Refresh (5ms)
				TypeCache.ScanAssembly (0ms)
			BuildScriptInfoCaches (105ms)
			ResolveRequiredComponents (7ms)
	FinalizeReload (419ms)
		ReleaseScriptCaches (0ms)
		RebuildScriptCaches (0ms)
		SetupLoadedEditorAssemblies (326ms)
			LogAssemblyErrors (0ms)
			InitializePlatformSupportModulesInManaged (2ms)
			SetLoadedEditorAssemblies (3ms)
			BeforeProcessingInitializeOnLoad (70ms)
			ProcessInitializeOnLoadAttributes (221ms)
			ProcessInitializeOnLoadMethodAttributes (28ms)
			AfterProcessingInitializeOnLoad (3ms)
			EditorAssembliesLoaded (0ms)
		ExecutionOrderSort2 (0ms)
		AwakeInstancesAfterBackupRestoration (9ms)
Refreshing native plugins compatible for Editor in 1.14 ms, found 4 plugins.
Preloading 0 native plugins for Editor in 0.00 ms.
Unloading 13 Unused Serialized files (Serialized files now loaded: 0)
Unloading 6425 unused Assets / (4.1 MB). Loaded Objects now: 7156.
Memory consumption went from 149.2 MB to 145.1 MB.
Total: 5.160100 ms (FindLiveObjects: 0.372900 ms CreateObjectMapping: 0.226100 ms MarkObjects: 2.778900 ms  DeleteObjects: 1.781400 ms)

Prepare: number of updated asset objects reloaded= 0
========================================================================
Received Prepare
Begin MonoManager ReloadAssembly
- Loaded All Assemblies, in  0.452 seconds
Refreshing native plugins compatible for Editor in 0.96 ms, found 4 plugins.
Native extension for WindowsStandalone target not found
[Package Manager] Failed to launch server process. Reason: Unity was launched with the -noUpm command-line argument
[Package Manager] Unable to send message (not connected to server process).
[Package Manager] Cannot connect to Unity Package Manager local server
Mono: successfully reloaded assembly
- Finished resetting the current domain, in  0.427 seconds
Domain Reload Profiling: 881ms
	BeginReloadAssembly (113ms)
		ExecutionOrderSort (0ms)
		DisableScriptedObjects (3ms)
		BackupInstance (0ms)
		ReleaseScriptingObjects (0ms)
		CreateAndSetChildDomain (27ms)
	RebuildCommonClasses (23ms)
	RebuildNativeTypeToScriptingClass (8ms)
	initialDomainReloadingComplete (19ms)
	LoadAllAssembliesAndSetupDomain (290ms)
		LoadAssemblies (208ms)
		RebuildTransferFunctionScriptingTraits (0ms)
		AnalyzeDomain (124ms)
			TypeCache.Refresh (5ms)
				TypeCache.ScanAssembly (0ms)
			BuildScriptInfoCaches (109ms)
			ResolveRequiredComponents (6ms)
	FinalizeReload (428ms)
		ReleaseScriptCaches (0ms)
		RebuildScriptCaches (0ms)
		SetupLoadedEditorAssemblies (334ms)
			LogAssemblyErrors (0ms)
			InitializePlatformSupportModulesInManaged (1ms)
			SetLoadedEditorAssemblies (3ms)
			BeforeProcessingInitializeOnLoad (76ms)
			ProcessInitializeOnLoadAttributes (220ms)
			ProcessInitializeOnLoadMethodAttributes (30ms)
			AfterProcessingInitializeOnLoad (3ms)
			EditorAssembliesLoaded (0ms)
		ExecutionOrderSort2 (0ms)
		AwakeInstancesAfterBackupRestoration (8ms)
Refreshing native plugins compatible for Editor in 0.97 ms, found 4 plugins.
Preloading 0 native plugins for Editor in 0.00 ms.
Unloading 13 Unused Serialized files (Serialized files now loaded: 0)
Unloading 6425 unused Assets / (3.9 MB). Loaded Objects now: 7159.
Memory consumption went from 149.2 MB to 145.4 MB.
Total: 4.521900 ms (FindLiveObjects: 0.383200 ms CreateObjectMapping: 0.216800 ms MarkObjects: 2.741400 ms  DeleteObjects: 1.179800 ms)

Prepare: number of updated asset objects reloaded= 0
========================================================================
Received Import Request.
  Time since last request: 14638.807223 seconds.
  path: Assets/Prefab/KAN.prefab
  artifactKey: Guid(606b875db68a25f45b43414e3f3bc34b) Importer(815301076,1909f56bfc062723c751e8b465ee728b)
Start importing Assets/Prefab/KAN.prefab using Guid(606b875db68a25f45b43414e3f3bc34b) Importer(815301076,1909f56bfc062723c751e8b465ee728b) (PreviewImporter) -> (artifact id: '0562d44c6f2edd3052c5385130a3eeed') in 0.3831632 seconds
Number of updated asset objects reloaded before import = 0Number of asset objects unloaded after import = 58

========================================================================
Received Prepare
Begin MonoManager ReloadAssembly
- Loaded All Assemblies, in  0.495 seconds
Refreshing native plugins compatible for Editor in 0.81 ms, found 4 plugins.
Native extension for WindowsStandalone target not found
[Package Manager] Failed to launch server process. Reason: Unity was launched with the -noUpm command-line argument
[Package Manager] Unable to send message (not connected to server process).
[Package Manager] Cannot connect to Unity Package Manager local server
Mono: successfully reloaded assembly
- Finished resetting the current domain, in  0.454 seconds
Domain Reload Profiling: 950ms
	BeginReloadAssembly (141ms)
		ExecutionOrderSort (0ms)
		DisableScriptedObjects (13ms)
		BackupInstance (0ms)
		ReleaseScriptingObjects (0ms)
		CreateAndSetChildDomain (42ms)
	RebuildCommonClasses (32ms)
	RebuildNativeTypeToScriptingClass (8ms)
	initialDomainReloadingComplete (18ms)
	LoadAllAssembliesAndSetupDomain (296ms)
		LoadAssemblies (209ms)
		RebuildTransferFunctionScriptingTraits (0ms)
		AnalyzeDomain (129ms)
			TypeCache.Refresh (5ms)
				TypeCache.ScanAssembly (0ms)
			BuildScriptInfoCaches (114ms)
			ResolveRequiredComponents (6ms)
	FinalizeReload (454ms)
		ReleaseScriptCaches (0ms)
		RebuildScriptCaches (0ms)
		SetupLoadedEditorAssemblies (352ms)
			LogAssemblyErrors (0ms)
			InitializePlatformSupportModulesInManaged (2ms)
			SetLoadedEditorAssemblies (3ms)
			BeforeProcessingInitializeOnLoad (73ms)
			ProcessInitializeOnLoadAttributes (234ms)
			ProcessInitializeOnLoadMethodAttributes (36ms)
			AfterProcessingInitializeOnLoad (3ms)
			EditorAssembliesLoaded (0ms)
		ExecutionOrderSort2 (0ms)
		AwakeInstancesAfterBackupRestoration (11ms)
Refreshing native plugins compatible for Editor in 0.87 ms, found 4 plugins.
Preloading 0 native plugins for Editor in 0.00 ms.
Unloading 13 Unused Serialized files (Serialized files now loaded: 0)
Unloading 6426 unused Assets / (3.9 MB). Loaded Objects now: 7199.
Memory consumption went from 164.2 MB to 160.3 MB.
Total: 4.785200 ms (FindLiveObjects: 0.461100 ms CreateObjectMapping: 0.262700 ms MarkObjects: 2.919000 ms  DeleteObjects: 1.141500 ms)

Prepare: number of updated asset objects reloaded= 0
========================================================================
Received Import Request.
  Time since last request: 1228.127805 seconds.
  path: Assets/Prefab/Trash box 2 AL.prefab
  artifactKey: Guid(cd6c16f79bd3d6948b1d49658ee1eda0) Importer(815301076,1909f56bfc062723c751e8b465ee728b)
Start importing Assets/Prefab/Trash box 2 AL.prefab using Guid(cd6c16f79bd3d6948b1d49658ee1eda0) Importer(815301076,1909f56bfc062723c751e8b465ee728b) (PreviewImporter) -> (artifact id: '02fd0fe4e65f5badd849d64ecf9a72bc') in 0.3552369 seconds
Number of updated asset objects reloaded before import = 0Number of asset objects unloaded after import = 49

========================================================================
Received Import Request.
  Time since last request: 12.489510 seconds.
  path: Assets/Prefab/Trash box 2 AL.prefab
  artifactKey: Guid(cd6c16f79bd3d6948b1d49658ee1eda0) Importer(815301076,1909f56bfc062723c751e8b465ee728b)
Start importing Assets/Prefab/Trash box 2 AL.prefab using Guid(cd6c16f79bd3d6948b1d49658ee1eda0) Importer(815301076,1909f56bfc062723c751e8b465ee728b) (PreviewImporter) -> (artifact id: '0bc2ee97ffd1faed922f94a88972c280') in 0.0217986 seconds
Number of updated asset objects reloaded before import = 0Number of asset objects unloaded after import = 50

========================================================================
Received Import Request.
  Time since last request: 9.043825 seconds.
  path: Assets/Prefab/Trash box 2 AL.prefab
  artifactKey: Guid(cd6c16f79bd3d6948b1d49658ee1eda0) Importer(815301076,1909f56bfc062723c751e8b465ee728b)
Start importing Assets/Prefab/Trash box 2 AL.prefab using Guid(cd6c16f79bd3d6948b1d49658ee1eda0) Importer(815301076,1909f56bfc062723c751e8b465ee728b) (PreviewImporter) -> (artifact id: 'a80152796e87744be1ba1888729c55d3') in 0.0199244 seconds
Number of updated asset objects reloaded before import = 0Number of asset objects unloaded after import = 50

========================================================================
Received Import Request.
  Time since last request: 7.407148 seconds.
  path: Assets/Prefab/Trash box 2 AL.prefab
  artifactKey: Guid(cd6c16f79bd3d6948b1d49658ee1eda0) Importer(815301076,1909f56bfc062723c751e8b465ee728b)
Start importing Assets/Prefab/Trash box 2 AL.prefab using Guid(cd6c16f79bd3d6948b1d49658ee1eda0) Importer(815301076,1909f56bfc062723c751e8b465ee728b) (PreviewImporter) -> (artifact id: '304e7f1036e3d9f82314b64c92703a6b') in 0.0263954 seconds
Number of updated asset objects reloaded before import = 0Number of asset objects unloaded after import = 50

========================================================================
Received Import Request.
  Time since last request: 41.393271 seconds.
  path: Assets/Prefab/Trash box 2 AL.prefab
  artifactKey: Guid(cd6c16f79bd3d6948b1d49658ee1eda0) Importer(815301076,1909f56bfc062723c751e8b465ee728b)
Start importing Assets/Prefab/Trash box 2 AL.prefab using Guid(cd6c16f79bd3d6948b1d49658ee1eda0) Importer(815301076,1909f56bfc062723c751e8b465ee728b) (PreviewImporter) -> (artifact id: '9078c6f1ad807588083f2b56501c25ef') in 0.1655929 seconds
Number of updated asset objects reloaded before import = 0Number of asset objects unloaded after import = 51

========================================================================
Received Import Request.
  Time since last request: 5.874476 seconds.
  path: Assets/Prefab/Trash box 2 AL.prefab
  artifactKey: Guid(cd6c16f79bd3d6948b1d49658ee1eda0) Importer(815301076,1909f56bfc062723c751e8b465ee728b)
Start importing Assets/Prefab/Trash box 2 AL.prefab using Guid(cd6c16f79bd3d6948b1d49658ee1eda0) Importer(815301076,1909f56bfc062723c751e8b465ee728b) (PreviewImporter) -> (artifact id: '4cfc88bc12d143719987c075170d1628') in 0.0203323 seconds
Number of updated asset objects reloaded before import = 0Number of asset objects unloaded after import = 51

========================================================================
Received Import Request.
  Time since last request: 21.131328 seconds.
  path: Assets/Prefab/Trash box 2 AL.prefab
  artifactKey: Guid(cd6c16f79bd3d6948b1d49658ee1eda0) Importer(815301076,1909f56bfc062723c751e8b465ee728b)
Start importing Assets/Prefab/Trash box 2 AL.prefab using Guid(cd6c16f79bd3d6948b1d49658ee1eda0) Importer(815301076,1909f56bfc062723c751e8b465ee728b) (PreviewImporter) -> (artifact id: 'fdfcbc6f5054fa542abdd59527eb6b27') in 0.0240672 seconds
Number of updated asset objects reloaded before import = 0Number of asset objects unloaded after import = 51

========================================================================
Received Import Request.
  Time since last request: 31.137400 seconds.
  path: Assets/Prefab/Trash box 2 AL.prefab
  artifactKey: Guid(cd6c16f79bd3d6948b1d49658ee1eda0) Importer(815301076,1909f56bfc062723c751e8b465ee728b)
Start importing Assets/Prefab/Trash box 2 AL.prefab using Guid(cd6c16f79bd3d6948b1d49658ee1eda0) Importer(815301076,1909f56bfc062723c751e8b465ee728b) (PreviewImporter) -> (artifact id: 'a9bf8bc862a6dfa1164ff413761fe3a6') in 0.0774827 seconds
Number of updated asset objects reloaded before import = 0Number of asset objects unloaded after import = 51

========================================================================
Received Import Request.
  Time since last request: 26.092546 seconds.
  path: Assets/Prefab/Trash box 2 AL.prefab
  artifactKey: Guid(cd6c16f79bd3d6948b1d49658ee1eda0) Importer(815301076,1909f56bfc062723c751e8b465ee728b)
Start importing Assets/Prefab/Trash box 2 AL.prefab using Guid(cd6c16f79bd3d6948b1d49658ee1eda0) Importer(815301076,1909f56bfc062723c751e8b465ee728b) (PreviewImporter) -> (artifact id: '252627bde26c9507790280dffa920208') in 0.1250754 seconds
Number of updated asset objects reloaded before import = 0Number of asset objects unloaded after import = 52

========================================================================
Received Import Request.
  Time since last request: 16.608305 seconds.
  path: Assets/Prefab/Trash box 2 AL.prefab
  artifactKey: Guid(cd6c16f79bd3d6948b1d49658ee1eda0) Importer(815301076,1909f56bfc062723c751e8b465ee728b)
Start importing Assets/Prefab/Trash box 2 AL.prefab using Guid(cd6c16f79bd3d6948b1d49658ee1eda0) Importer(815301076,1909f56bfc062723c751e8b465ee728b) (PreviewImporter) -> (artifact id: 'ce182460b13dd8b8d1f8198bb1a57f24') in 0.1461958 seconds
Number of updated asset objects reloaded before import = 0Number of asset objects unloaded after import = 52

========================================================================
Received Import Request.
  Time since last request: 16.764551 seconds.
  path: Assets/Prefab/Trash box 2 AL.prefab
  artifactKey: Guid(cd6c16f79bd3d6948b1d49658ee1eda0) Importer(815301076,1909f56bfc062723c751e8b465ee728b)
Start importing Assets/Prefab/Trash box 2 AL.prefab using Guid(cd6c16f79bd3d6948b1d49658ee1eda0) Importer(815301076,1909f56bfc062723c751e8b465ee728b) (PreviewImporter) -> (artifact id: 'd8af3111a0b1b3fe02ee6628cc3e19fd') in 0.0757508 seconds
Number of updated asset objects reloaded before import = 0Number of asset objects unloaded after import = 52

========================================================================
Received Import Request.
  Time since last request: 9.592786 seconds.
  path: Assets/Prefab/Trash box 2 AL.prefab
  artifactKey: Guid(cd6c16f79bd3d6948b1d49658ee1eda0) Importer(815301076,1909f56bfc062723c751e8b465ee728b)
Start importing Assets/Prefab/Trash box 2 AL.prefab using Guid(cd6c16f79bd3d6948b1d49658ee1eda0) Importer(815301076,1909f56bfc062723c751e8b465ee728b) (PreviewImporter) -> (artifact id: '21beaf10f5e7262ec9c92b5e88905e99') in 0.1258298 seconds
Number of updated asset objects reloaded before import = 0Number of asset objects unloaded after import = 52

========================================================================
Received Import Request.
  Time since last request: 13.157367 seconds.
  path: Assets/Prefab/Trash box 2 AL.prefab
  artifactKey: Guid(cd6c16f79bd3d6948b1d49658ee1eda0) Importer(815301076,1909f56bfc062723c751e8b465ee728b)
Start importing Assets/Prefab/Trash box 2 AL.prefab using Guid(cd6c16f79bd3d6948b1d49658ee1eda0) Importer(815301076,1909f56bfc062723c751e8b465ee728b) (PreviewImporter) -> (artifact id: '73ed6204297aeef43761d73df4dc2667') in 0.0334066 seconds
Number of updated asset objects reloaded before import = 0Number of asset objects unloaded after import = 52

========================================================================
Received Import Request.
  Time since last request: 8.569658 seconds.
  path: Assets/Prefab/Trash box 2 AL.prefab
  artifactKey: Guid(cd6c16f79bd3d6948b1d49658ee1eda0) Importer(815301076,1909f56bfc062723c751e8b465ee728b)
Start importing Assets/Prefab/Trash box 2 AL.prefab using Guid(cd6c16f79bd3d6948b1d49658ee1eda0) Importer(815301076,1909f56bfc062723c751e8b465ee728b) (PreviewImporter) -> (artifact id: '35f3ff386e265c8de6e201d51d55500c') in 0.1258723 seconds
Number of updated asset objects reloaded before import = 0Number of asset objects unloaded after import = 53

========================================================================
Received Prepare
Begin MonoManager ReloadAssembly
- Loaded All Assemblies, in  0.468 seconds
Refreshing native plugins compatible for Editor in 0.83 ms, found 4 plugins.
Native extension for WindowsStandalone target not found
[Package Manager] Failed to launch server process. Reason: Unity was launched with the -noUpm command-line argument
[Package Manager] Unable to send message (not connected to server process).
[Package Manager] Cannot connect to Unity Package Manager local server
Mono: successfully reloaded assembly
- Finished resetting the current domain, in  0.433 seconds
Domain Reload Profiling: 902ms
	BeginReloadAssembly (130ms)
		ExecutionOrderSort (0ms)
		DisableScriptedObjects (14ms)
		BackupInstance (0ms)
		ReleaseScriptingObjects (0ms)
		CreateAndSetChildDomain (36ms)
	RebuildCommonClasses (23ms)
	RebuildNativeTypeToScriptingClass (8ms)
	initialDomainReloadingComplete (18ms)
	LoadAllAssembliesAndSetupDomain (290ms)
		LoadAssemblies (208ms)
		RebuildTransferFunctionScriptingTraits (0ms)
		AnalyzeDomain (122ms)
			TypeCache.Refresh (5ms)
				TypeCache.ScanAssembly (0ms)
			BuildScriptInfoCaches (107ms)
			ResolveRequiredComponents (6ms)
	FinalizeReload (433ms)
		ReleaseScriptCaches (0ms)
		RebuildScriptCaches (0ms)
		SetupLoadedEditorAssemblies (334ms)
			LogAssemblyErrors (0ms)
			InitializePlatformSupportModulesInManaged (2ms)
			SetLoadedEditorAssemblies (3ms)
			BeforeProcessingInitializeOnLoad (70ms)
			ProcessInitializeOnLoadAttributes (225ms)
			ProcessInitializeOnLoadMethodAttributes (31ms)
			AfterProcessingInitializeOnLoad (3ms)
			EditorAssembliesLoaded (0ms)
		ExecutionOrderSort2 (0ms)
		AwakeInstancesAfterBackupRestoration (10ms)
Refreshing native plugins compatible for Editor in 0.87 ms, found 4 plugins.
Preloading 0 native plugins for Editor in 0.00 ms.
Unloading 13 Unused Serialized files (Serialized files now loaded: 0)
Unloading 6425 unused Assets / (3.9 MB). Loaded Objects now: 7222.
Memory consumption went from 164.2 MB to 160.4 MB.
Total: 4.653500 ms (FindLiveObjects: 0.354900 ms CreateObjectMapping: 0.239200 ms MarkObjects: 2.876000 ms  DeleteObjects: 1.183000 ms)

Prepare: number of updated asset objects reloaded= 0
========================================================================
Received Import Request.
  Time since last request: 11.852604 seconds.
  path: Assets/Prefab/Trash box 2 AL.prefab
  artifactKey: Guid(cd6c16f79bd3d6948b1d49658ee1eda0) Importer(815301076,1909f56bfc062723c751e8b465ee728b)
Start importing Assets/Prefab/Trash box 2 AL.prefab using Guid(cd6c16f79bd3d6948b1d49658ee1eda0) Importer(815301076,1909f56bfc062723c751e8b465ee728b) (PreviewImporter) -> (artifact id: '0539590f4b82a5a7a17fd259fb778841') in 0.3583457 seconds
Number of updated asset objects reloaded before import = 0Number of asset objects unloaded after import = 53

========================================================================
Received Prepare
Begin MonoManager ReloadAssembly
- Loaded All Assemblies, in  0.459 seconds
Refreshing native plugins compatible for Editor in 0.94 ms, found 4 plugins.
Native extension for WindowsStandalone target not found
[Package Manager] Failed to launch server process. Reason: Unity was launched with the -noUpm command-line argument
[Package Manager] Unable to send message (not connected to server process).
[Package Manager] Cannot connect to Unity Package Manager local server
Mono: successfully reloaded assembly
- Finished resetting the current domain, in  0.449 seconds
Domain Reload Profiling: 909ms
	BeginReloadAssembly (123ms)
		ExecutionOrderSort (0ms)
		DisableScriptedObjects (13ms)
		BackupInstance (0ms)
		ReleaseScriptingObjects (0ms)
		CreateAndSetChildDomain (31ms)
	RebuildCommonClasses (23ms)
	RebuildNativeTypeToScriptingClass (8ms)
	initialDomainReloadingComplete (20ms)
	LoadAllAssembliesAndSetupDomain (287ms)
		LoadAssemblies (202ms)
		RebuildTransferFunctionScriptingTraits (0ms)
		AnalyzeDomain (124ms)
			TypeCache.Refresh (5ms)
				TypeCache.ScanAssembly (0ms)
			BuildScriptInfoCaches (108ms)
			ResolveRequiredComponents (6ms)
	FinalizeReload (449ms)
		ReleaseScriptCaches (0ms)
		RebuildScriptCaches (0ms)
		SetupLoadedEditorAssemblies (349ms)
			LogAssemblyErrors (0ms)
			InitializePlatformSupportModulesInManaged (2ms)
			SetLoadedEditorAssemblies (3ms)
			BeforeProcessingInitializeOnLoad (70ms)
			ProcessInitializeOnLoadAttributes (230ms)
			ProcessInitializeOnLoadMethodAttributes (41ms)
			AfterProcessingInitializeOnLoad (3ms)
			EditorAssembliesLoaded (0ms)
		ExecutionOrderSort2 (0ms)
		AwakeInstancesAfterBackupRestoration (11ms)
Refreshing native plugins compatible for Editor in 1.12 ms, found 4 plugins.
Preloading 0 native plugins for Editor in 0.00 ms.
Unloading 13 Unused Serialized files (Serialized files now loaded: 0)
Unloading 6425 unused Assets / (3.8 MB). Loaded Objects now: 7245.
Memory consumption went from 164.3 MB to 160.4 MB.
Total: 5.100000 ms (FindLiveObjects: 0.382700 ms CreateObjectMapping: 0.226700 ms MarkObjects: 3.223500 ms  DeleteObjects: 1.266400 ms)

Prepare: number of updated asset objects reloaded= 0
========================================================================
Received Prepare
Begin MonoManager ReloadAssembly
- Loaded All Assemblies, in  0.464 seconds
Refreshing native plugins compatible for Editor in 0.84 ms, found 4 plugins.
Native extension for WindowsStandalone target not found
[Package Manager] Failed to launch server process. Reason: Unity was launched with the -noUpm command-line argument
[Package Manager] Unable to send message (not connected to server process).
[Package Manager] Cannot connect to Unity Package Manager local server
Mono: successfully reloaded assembly
- Finished resetting the current domain, in  0.429 seconds
Domain Reload Profiling: 895ms
	BeginReloadAssembly (125ms)
		ExecutionOrderSort (0ms)
		DisableScriptedObjects (3ms)
		BackupInstance (0ms)
		ReleaseScriptingObjects (0ms)
		CreateAndSetChildDomain (33ms)
	RebuildCommonClasses (23ms)
	RebuildNativeTypeToScriptingClass (8ms)
	initialDomainReloadingComplete (19ms)
	LoadAllAssembliesAndSetupDomain (291ms)
		LoadAssemblies (212ms)
		RebuildTransferFunctionScriptingTraits (0ms)
		AnalyzeDomain (123ms)
			TypeCache.Refresh (5ms)
				TypeCache.ScanAssembly (0ms)
			BuildScriptInfoCaches (107ms)
			ResolveRequiredComponents (6ms)
	FinalizeReload (430ms)
		ReleaseScriptCaches (0ms)
		RebuildScriptCaches (0ms)
		SetupLoadedEditorAssemblies (334ms)
			LogAssemblyErrors (0ms)
			InitializePlatformSupportModulesInManaged (1ms)
			SetLoadedEditorAssemblies (3ms)
			BeforeProcessingInitializeOnLoad (75ms)
			ProcessInitializeOnLoadAttributes (224ms)
			ProcessInitializeOnLoadMethodAttributes (28ms)
			AfterProcessingInitializeOnLoad (3ms)
			EditorAssembliesLoaded (0ms)
		ExecutionOrderSort2 (0ms)
		AwakeInstancesAfterBackupRestoration (10ms)
Refreshing native plugins compatible for Editor in 0.87 ms, found 4 plugins.
Preloading 0 native plugins for Editor in 0.00 ms.
Unloading 13 Unused Serialized files (Serialized files now loaded: 0)
Unloading 6425 unused Assets / (3.9 MB). Loaded Objects now: 7248.
Memory consumption went from 164.2 MB to 160.3 MB.
Total: 4.713600 ms (FindLiveObjects: 0.443600 ms CreateObjectMapping: 0.240400 ms MarkObjects: 2.817300 ms  DeleteObjects: 1.210500 ms)

Prepare: number of updated asset objects reloaded= 0
========================================================================
Received Import Request.
  Time since last request: 654.482018 seconds.
  path: Assets/object
  artifactKey: Guid(2379d51160c2a764487a601bf5a26f9f) Importer(815301076,1909f56bfc062723c751e8b465ee728b)
Start importing Assets/object using Guid(2379d51160c2a764487a601bf5a26f9f) Importer(815301076,1909f56bfc062723c751e8b465ee728b) (PreviewImporter) -> (artifact id: 'bc5ccd504f9cf2bc1bc7d97df635be4d') in 0.017762 seconds
Number of updated asset objects reloaded before import = 0Number of asset objects unloaded after import = 0

========================================================================
Received Import Request.
  Time since last request: 2.659390 seconds.
  path: Assets/object/Kan
  artifactKey: Guid(d79517c6be3f9a74a9c7b52eec360423) Importer(815301076,1909f56bfc062723c751e8b465ee728b)
Start importing Assets/object/Kan using Guid(d79517c6be3f9a74a9c7b52eec360423) Importer(815301076,1909f56bfc062723c751e8b465ee728b) (PreviewImporter) -> (artifact id: '6a4e78e6453df4653890a6a3245483e0') in 0.0006839 seconds
Number of updated asset objects reloaded before import = 0Number of asset objects unloaded after import = 0

========================================================================
Received Import Request.
  Time since last request: 1.108094 seconds.
  path: Assets/object/Kan/script
  artifactKey: Guid(3aa78d2d434084f44ae4cc1d9f866ef0) Importer(815301076,1909f56bfc062723c751e8b465ee728b)
Start importing Assets/object/Kan/script using Guid(3aa78d2d434084f44ae4cc1d9f866ef0) Importer(815301076,1909f56bfc062723c751e8b465ee728b) (PreviewImporter) -> (artifact id: '31dd1df9dc46a98203047015728e9568') in 0.0004228 seconds
Number of updated asset objects reloaded before import = 0Number of asset objects unloaded after import = 0

========================================================================
Received Import Request.
  Time since last request: 5.075751 seconds.
  path: Assets/object/coin
  artifactKey: Guid(02203ff08ca3bbe41ab9996c0118ef7b) Importer(815301076,1909f56bfc062723c751e8b465ee728b)
Start importing Assets/object/coin using Guid(02203ff08ca3bbe41ab9996c0118ef7b) Importer(815301076,1909f56bfc062723c751e8b465ee728b) (PreviewImporter) -> (artifact id: 'bed1ca2df46293b407000ac3376e8078') in 0.0004843 seconds
Number of updated asset objects reloaded before import = 0Number of asset objects unloaded after import = 0

========================================================================
Received Import Request.
  Time since last request: 1.809986 seconds.
  path: Assets/object/car
  artifactKey: Guid(89fdcc05541345f428ee0fb5e74a08c5) Importer(815301076,1909f56bfc062723c751e8b465ee728b)
Start importing Assets/object/car using Guid(89fdcc05541345f428ee0fb5e74a08c5) Importer(815301076,1909f56bfc062723c751e8b465ee728b) (PreviewImporter) -> (artifact id: '4dc6b8c577a127d2ff5e36946e857202') in 0.0005811 seconds
Number of updated asset objects reloaded before import = 0Number of asset objects unloaded after import = 0

========================================================================
Received Import Request.
  Time since last request: 1.854955 seconds.
  path: Assets/object/effect
  artifactKey: Guid(abfdd3f3a8d53c6439df85f4f68e590d) Importer(815301076,1909f56bfc062723c751e8b465ee728b)
Start importing Assets/object/effect using Guid(abfdd3f3a8d53c6439df85f4f68e590d) Importer(815301076,1909f56bfc062723c751e8b465ee728b) (PreviewImporter) -> (artifact id: 'af066b6c82fa3dfa87da3f5c6c2b950c') in 0.0004461 seconds
Number of updated asset objects reloaded before import = 0Number of asset objects unloaded after import = 0

========================================================================
Received Import Request.
  Time since last request: 2.436124 seconds.
  path: Assets/object/Title
  artifactKey: Guid(6340c5b1e592c9b4cadbb28ecb5d78bc) Importer(815301076,1909f56bfc062723c751e8b465ee728b)
Start importing Assets/object/Title using Guid(6340c5b1e592c9b4cadbb28ecb5d78bc) Importer(815301076,1909f56bfc062723c751e8b465ee728b) (PreviewImporter) -> (artifact id: '4a64df61d060485740510fc807addf71') in 0.0004564 seconds
Number of updated asset objects reloaded before import = 0Number of asset objects unloaded after import = 0

========================================================================
Received Import Request.
  Time since last request: 0.131410 seconds.
  path: Assets/object/Title/kanimage (1).png
  artifactKey: Guid(6e894f2d082492e47ba50806d178acc2) Importer(815301076,1909f56bfc062723c751e8b465ee728b)
Start importing Assets/object/Title/kanimage (1).png using Guid(6e894f2d082492e47ba50806d178acc2) Importer(815301076,1909f56bfc062723c751e8b465ee728b) (PreviewImporter) -> (artifact id: 'b7d6713cc75c2900997dd73de762685d') in 0.224 seconds
Number of updated asset objects reloaded before import = 0Number of asset objects unloaded after import = 3

========================================================================
Received Import Request.
  Time since last request: 11.246797 seconds.
  path: Assets/AK Studio Art
  artifactKey: Guid(fbad9145e2d9fcc498c97cc6ba0343d0) Importer(815301076,1909f56bfc062723c751e8b465ee728b)
Start importing Assets/AK Studio Art using Guid(fbad9145e2d9fcc498c97cc6ba0343d0) Importer(815301076,1909f56bfc062723c751e8b465ee728b) (PreviewImporter) -> (artifact id: '504fd7ac7c82d1fe651fc36c7e4af352') in 0.0009467 seconds
Number of updated asset objects reloaded before import = 0Number of asset objects unloaded after import = 0

========================================================================
Received Import Request.
  Time since last request: 0.750038 seconds.
  path: Assets/AK Studio Art/Waste Can
  artifactKey: Guid(0e9737cf89ff7b5429814c3fdfdbdfd5) Importer(815301076,1909f56bfc062723c751e8b465ee728b)
Start importing Assets/AK Studio Art/Waste Can using Guid(0e9737cf89ff7b5429814c3fdfdbdfd5) Importer(815301076,1909f56bfc062723c751e8b465ee728b) (PreviewImporter) -> (artifact id: 'a7eb177bed376036464f4ec04d748e6e') in 0.0004434 seconds
Number of updated asset objects reloaded before import = 0Number of asset objects unloaded after import = 0

========================================================================
Received Import Request.
  Time since last request: 1.758944 seconds.
  path: Assets/AK Studio Art/Waste Can/Textures
  artifactKey: Guid(391ad6967c13805449eddfc55fbdc83b) Importer(815301076,1909f56bfc062723c751e8b465ee728b)
Start importing Assets/AK Studio Art/Waste Can/Textures using Guid(391ad6967c13805449eddfc55fbdc83b) Importer(815301076,1909f56bfc062723c751e8b465ee728b) (PreviewImporter) -> (artifact id: 'ae40b585809b214d6583c41570f57a67') in 0.0005612 seconds
Number of updated asset objects reloaded before import = 0Number of asset objects unloaded after import = 0

========================================================================
Received Import Request.
  Time since last request: 0.107176 seconds.
  path: Assets/AK Studio Art/Waste Can/Textures/Waste_Can_AlbedoTransparency_blue.png
  artifactKey: Guid(40f4a967d5d391c4b91fc034501e0c7e) Importer(815301076,1909f56bfc062723c751e8b465ee728b)
Start importing Assets/AK Studio Art/Waste Can/Textures/Waste_Can_AlbedoTransparency_blue.png using Guid(40f4a967d5d391c4b91fc034501e0c7e) Importer(815301076,1909f56bfc062723c751e8b465ee728b) (PreviewImporter) -> (artifact id: 'b3691cf710d33daa3637d8adae1f6689') in 0.0146509 seconds
Number of updated asset objects reloaded before import = 0Number of asset objects unloaded after import = 2

========================================================================
Received Import Request.
  Time since last request: 0.000011 seconds.
  path: Assets/AK Studio Art/Waste Can/Textures/Waste_Can_Mixed_AO.png
  artifactKey: Guid(0a93d0fd2b22e4345b805818cabde791) Importer(815301076,1909f56bfc062723c751e8b465ee728b)
Start importing Assets/AK Studio Art/Waste Can/Textures/Waste_Can_Mixed_AO.png using Guid(0a93d0fd2b22e4345b805818cabde791) Importer(815301076,1909f56bfc062723c751e8b465ee728b) (PreviewImporter) -> (artifact id: 'ba001269337e2134558db5e308cab7d9') in 0.0116912 seconds
Number of updated asset objects reloaded before import = 0Number of asset objects unloaded after import = 2

========================================================================
Received Import Request.
  Time since last request: 0.000014 seconds.
  path: Assets/AK Studio Art/Waste Can/Textures/Waste_Can_Normal.png
  artifactKey: Guid(0a577978d56cc9948a396b38732abff8) Importer(815301076,1909f56bfc062723c751e8b465ee728b)
Start importing Assets/AK Studio Art/Waste Can/Textures/Waste_Can_Normal.png using Guid(0a577978d56cc9948a396b38732abff8) Importer(815301076,1909f56bfc062723c751e8b465ee728b) (PreviewImporter) -> (artifact id: 'f4d2cbdd1b3d9316b807b7c078c1d3d9') in 0.017242 seconds
Number of updated asset objects reloaded before import = 0Number of asset objects unloaded after import = 2

========================================================================
Received Prepare
Begin MonoManager ReloadAssembly
- Loaded All Assemblies, in  0.466 seconds
Refreshing native plugins compatible for Editor in 0.85 ms, found 4 plugins.
Native extension for WindowsStandalone target not found
[Package Manager] Failed to launch server process. Reason: Unity was launched with the -noUpm command-line argument
[Package Manager] Unable to send message (not connected to server process).
[Package Manager] Cannot connect to Unity Package Manager local server
Mono: successfully reloaded assembly
- Finished resetting the current domain, in  0.437 seconds
Domain Reload Profiling: 904ms
	BeginReloadAssembly (119ms)
		ExecutionOrderSort (0ms)
		DisableScriptedObjects (4ms)
		BackupInstance (0ms)
		ReleaseScriptingObjects (0ms)
		CreateAndSetChildDomain (32ms)
	RebuildCommonClasses (24ms)
	RebuildNativeTypeToScriptingClass (8ms)
	initialDomainReloadingComplete (18ms)
	LoadAllAssembliesAndSetupDomain (297ms)
		LoadAssemblies (214ms)
		RebuildTransferFunctionScriptingTraits (0ms)
		AnalyzeDomain (126ms)
			TypeCache.Refresh (6ms)
				TypeCache.ScanAssembly (0ms)
			BuildScriptInfoCaches (110ms)
			ResolveRequiredComponents (6ms)
	FinalizeReload (437ms)
		ReleaseScriptCaches (0ms)
		RebuildScriptCaches (0ms)
		SetupLoadedEditorAssemblies (331ms)
			LogAssemblyErrors (0ms)
			InitializePlatformSupportModulesInManaged (2ms)
			SetLoadedEditorAssemblies (4ms)
			BeforeProcessingInitializeOnLoad (69ms)
			ProcessInitializeOnLoadAttributes (224ms)
			ProcessInitializeOnLoadMethodAttributes (29ms)
			AfterProcessingInitializeOnLoad (3ms)
			EditorAssembliesLoaded (0ms)
		ExecutionOrderSort2 (0ms)
		AwakeInstancesAfterBackupRestoration (9ms)
Refreshing native plugins compatible for Editor in 0.87 ms, found 4 plugins.
Preloading 0 native plugins for Editor in 0.00 ms.
Unloading 13 Unused Serialized files (Serialized files now loaded: 0)
Unloading 6425 unused Assets / (3.8 MB). Loaded Objects now: 7257.
Memory consumption went from 164.3 MB to 160.5 MB.
Total: 4.605800 ms (FindLiveObjects: 0.374700 ms CreateObjectMapping: 0.215800 ms MarkObjects: 2.828400 ms  DeleteObjects: 1.186100 ms)

Prepare: number of updated asset objects reloaded= 0
========================================================================
Received Prepare
Begin MonoManager ReloadAssembly
- Loaded All Assemblies, in  0.459 seconds
Refreshing native plugins compatible for Editor in 2.80 ms, found 4 plugins.
Native extension for WindowsStandalone target not found
[Package Manager] Failed to launch server process. Reason: Unity was launched with the -noUpm command-line argument
[Package Manager] Unable to send message (not connected to server process).
[Package Manager] Cannot connect to Unity Package Manager local server
Mono: successfully reloaded assembly
- Finished resetting the current domain, in  0.454 seconds
Domain Reload Profiling: 914ms
	BeginReloadAssembly (115ms)
		ExecutionOrderSort (0ms)
		DisableScriptedObjects (3ms)
		BackupInstance (0ms)
		ReleaseScriptingObjects (0ms)
		CreateAndSetChildDomain (31ms)
	RebuildCommonClasses (31ms)
	RebuildNativeTypeToScriptingClass (8ms)
	initialDomainReloadingComplete (18ms)
	LoadAllAssembliesAndSetupDomain (288ms)
		LoadAssemblies (195ms)
		RebuildTransferFunctionScriptingTraits (0ms)
		AnalyzeDomain (132ms)
			TypeCache.Refresh (5ms)
				TypeCache.ScanAssembly (0ms)
			BuildScriptInfoCaches (118ms)
			ResolveRequiredComponents (6ms)
	FinalizeReload (454ms)
		ReleaseScriptCaches (0ms)
		RebuildScriptCaches (0ms)
		SetupLoadedEditorAssemblies (345ms)
			LogAssemblyErrors (0ms)
			InitializePlatformSupportModulesInManaged (2ms)
			SetLoadedEditorAssemblies (4ms)
			BeforeProcessingInitializeOnLoad (78ms)
			ProcessInitializeOnLoadAttributes (228ms)
			ProcessInitializeOnLoadMethodAttributes (31ms)
			AfterProcessingInitializeOnLoad (3ms)
			EditorAssembliesLoaded (0ms)
		ExecutionOrderSort2 (0ms)
		AwakeInstancesAfterBackupRestoration (9ms)
Refreshing native plugins compatible for Editor in 0.90 ms, found 4 plugins.
Preloading 0 native plugins for Editor in 0.00 ms.
Unloading 13 Unused Serialized files (Serialized files now loaded: 0)
Unloading 6425 unused Assets / (4.0 MB). Loaded Objects now: 7260.
Memory consumption went from 164.4 MB to 160.4 MB.
Total: 6.159000 ms (FindLiveObjects: 0.439800 ms CreateObjectMapping: 0.215500 ms MarkObjects: 4.245100 ms  DeleteObjects: 1.256600 ms)

Prepare: number of updated asset objects reloaded= 0
========================================================================
Received Prepare
Refreshing native plugins compatible for Editor in 2.73 ms, found 4 plugins.
Preloading 0 native plugins for Editor in 0.00 ms.
Unloading 13 Unused Serialized files (Serialized files now loaded: 0)
Unloading 6413 unused Assets / (4.1 MB). Loaded Objects now: 7260.
Memory consumption went from 164.5 MB to 160.4 MB.
Total: 8.486300 ms (FindLiveObjects: 0.769600 ms CreateObjectMapping: 0.328500 ms MarkObjects: 5.141100 ms  DeleteObjects: 2.246200 ms)

Prepare: number of updated asset objects reloaded= 0
========================================================================
Received Prepare
Begin MonoManager ReloadAssembly
- Loaded All Assemblies, in  0.459 seconds
Refreshing native plugins compatible for Editor in 1.07 ms, found 4 plugins.
Native extension for WindowsStandalone target not found
[Package Manager] Failed to launch server process. Reason: Unity was launched with the -noUpm command-line argument
[Package Manager] Unable to send message (not connected to server process).
[Package Manager] Cannot connect to Unity Package Manager local server
Mono: successfully reloaded assembly
- Finished resetting the current domain, in  0.446 seconds
Domain Reload Profiling: 906ms
	BeginReloadAssembly (112ms)
		ExecutionOrderSort (0ms)
		DisableScriptedObjects (3ms)
		BackupInstance (0ms)
		ReleaseScriptingObjects (0ms)
		CreateAndSetChildDomain (26ms)
	RebuildCommonClasses (23ms)
	RebuildNativeTypeToScriptingClass (8ms)
	initialDomainReloadingComplete (18ms)
	LoadAllAssembliesAndSetupDomain (298ms)
		LoadAssemblies (214ms)
		RebuildTransferFunctionScriptingTraits (0ms)
		AnalyzeDomain (126ms)
			TypeCache.Refresh (8ms)
				TypeCache.ScanAssembly (1ms)
			BuildScriptInfoCaches (108ms)
			ResolveRequiredComponents (6ms)
	FinalizeReload (446ms)
		ReleaseScriptCaches (0ms)
		RebuildScriptCaches (0ms)
		SetupLoadedEditorAssemblies (343ms)
			LogAssemblyErrors (0ms)
			InitializePlatformSupportModulesInManaged (2ms)
			SetLoadedEditorAssemblies (4ms)
			BeforeProcessingInitializeOnLoad (75ms)
			ProcessInitializeOnLoadAttributes (229ms)
			ProcessInitializeOnLoadMethodAttributes (29ms)
			AfterProcessingInitializeOnLoad (3ms)
			EditorAssembliesLoaded (0ms)
		ExecutionOrderSort2 (0ms)
		AwakeInstancesAfterBackupRestoration (9ms)
Refreshing native plugins compatible for Editor in 0.91 ms, found 4 plugins.
Preloading 0 native plugins for Editor in 0.00 ms.
Unloading 13 Unused Serialized files (Serialized files now loaded: 0)
Unloading 6425 unused Assets / (3.8 MB). Loaded Objects now: 7263.
Memory consumption went from 164.4 MB to 160.6 MB.
Total: 4.487800 ms (FindLiveObjects: 0.380600 ms CreateObjectMapping: 0.221100 ms MarkObjects: 2.669300 ms  DeleteObjects: 1.216300 ms)

Prepare: number of updated asset objects reloaded= 0
========================================================================
Received Prepare
Begin MonoManager ReloadAssembly
- Loaded All Assemblies, in  0.451 seconds
Refreshing native plugins compatible for Editor in 0.79 ms, found 4 plugins.
Native extension for WindowsStandalone target not found
[Package Manager] Failed to launch server process. Reason: Unity was launched with the -noUpm command-line argument
[Package Manager] Unable to send message (not connected to server process).
[Package Manager] Cannot connect to Unity Package Manager local server
Mono: successfully reloaded assembly
- Finished resetting the current domain, in  0.423 seconds
Domain Reload Profiling: 875ms
	BeginReloadAssembly (111ms)
		ExecutionOrderSort (0ms)
		DisableScriptedObjects (5ms)
		BackupInstance (0ms)
		ReleaseScriptingObjects (0ms)
		CreateAndSetChildDomain (27ms)
	RebuildCommonClasses (30ms)
	RebuildNativeTypeToScriptingClass (8ms)
	initialDomainReloadingComplete (18ms)
	LoadAllAssembliesAndSetupDomain (284ms)
		LoadAssemblies (204ms)
		RebuildTransferFunctionScriptingTraits (0ms)
		AnalyzeDomain (120ms)
			TypeCache.Refresh (5ms)
				TypeCache.ScanAssembly (0ms)
			BuildScriptInfoCaches (105ms)
			ResolveRequiredComponents (6ms)
	FinalizeReload (423ms)
		ReleaseScriptCaches (0ms)
		RebuildScriptCaches (0ms)
		SetupLoadedEditorAssemblies (328ms)
			LogAssemblyErrors (0ms)
			InitializePlatformSupportModulesInManaged (2ms)
			SetLoadedEditorAssemblies (4ms)
			BeforeProcessingInitializeOnLoad (69ms)
			ProcessInitializeOnLoadAttributes (218ms)
			ProcessInitializeOnLoadMethodAttributes (33ms)
			AfterProcessingInitializeOnLoad (3ms)
			EditorAssembliesLoaded (0ms)
		ExecutionOrderSort2 (0ms)
		AwakeInstancesAfterBackupRestoration (9ms)
Refreshing native plugins compatible for Editor in 0.97 ms, found 4 plugins.
Preloading 0 native plugins for Editor in 0.00 ms.
Unloading 13 Unused Serialized files (Serialized files now loaded: 0)
Unloading 6425 unused Assets / (3.9 MB). Loaded Objects now: 7266.
Memory consumption went from 164.4 MB to 160.5 MB.
Total: 6.369600 ms (FindLiveObjects: 0.397300 ms CreateObjectMapping: 0.229900 ms MarkObjects: 4.438900 ms  DeleteObjects: 1.302700 ms)

Prepare: number of updated asset objects reloaded= 0
========================================================================
Received Import Request.
  Time since last request: 1657.547479 seconds.
  path: Assets/object/Kan/script/KanMove.cs
  artifactKey: Guid(2620b5f3ddb6d4d4c9fade6fb6bddc84) Importer(2089858483,192608db42251d675da83286b1cce702)
Start importing Assets/object/Kan/script/KanMove.cs using Guid(2620b5f3ddb6d4d4c9fade6fb6bddc84) Importer(2089858483,192608db42251d675da83286b1cce702) (ScriptedImporter) -> (artifact id: 'd6dd0d4ebd5e9d7c5b681f705c784293') in 0.181036 seconds
Number of updated asset objects reloaded before import = 0Number of asset objects unloaded after import = 0

========================================================================
Received Import Request.
  Time since last request: 0.000019 seconds.
  path: Assets/TextMesh Pro/Examples & Extras/Scripts/WarpTextExample.cs
  artifactKey: Guid(790744c462254b7ba8038e6ed28b3db2) Importer(2089858483,192608db42251d675da83286b1cce702)
Start importing Assets/TextMesh Pro/Examples & Extras/Scripts/WarpTextExample.cs using Guid(790744c462254b7ba8038e6ed28b3db2) Importer(2089858483,192608db42251d675da83286b1cce702) (ScriptedImporter) -> (artifact id: 'eca535fc45ed3b2d53503bd05a199bd9') in 0.0129918 seconds
Number of updated asset objects reloaded before import = 0Number of asset objects unloaded after import = 0

========================================================================
Received Import Request.
  Time since last request: 0.000017 seconds.
  path: Assets/Hash Game studios/Trash Bag & Trash Box/Textures
  artifactKey: Guid(a0b5ca20e3c4de845a9724c9ddccc2c5) Importer(2089858483,192608db42251d675da83286b1cce702)
Start importing Assets/Hash Game studios/Trash Bag & Trash Box/Textures using Guid(a0b5ca20e3c4de845a9724c9ddccc2c5) Importer(2089858483,192608db42251d675da83286b1cce702) (ScriptedImporter) -> (artifact id: '630489438c2844a8a701bfd601e18409') in 0.0082809 seconds
Number of updated asset objects reloaded before import = 0Number of asset objects unloaded after import = 1

========================================================================
Received Import Request.
  Time since last request: 0.000021 seconds.
  path: Assets/Hash Game studios/Trash Bag & Trash Box/Meshes/Trash box 2/Trash box 2.fbx
  artifactKey: Guid(88adb9325641dfe428b38765dfb8483b) Importer(2089858483,192608db42251d675da83286b1cce702)
Start importing Assets/Hash Game studios/Trash Bag & Trash Box/Meshes/Trash box 2/Trash box 2.fbx using Guid(88adb9325641dfe428b38765dfb8483b) Importer(2089858483,192608db42251d675da83286b1cce702) (ScriptedImporter) -> (artifact id: '1ee8ab9984f45d336cc3a562df99cac3') in 0.0332851 seconds
Number of updated asset objects reloaded before import = 0Number of asset objects unloaded after import = 14

========================================================================
Received Import Request.
  Time since last request: 0.000011 seconds.
  path: Assets/TextMesh Pro/Examples & Extras/Scripts/EnvMapAnimator.cs
  artifactKey: Guid(a4b6f99e8bc54541bbd149b014ff441c) Importer(2089858483,192608db42251d675da83286b1cce702)
Start importing Assets/TextMesh Pro/Examples & Extras/Scripts/EnvMapAnimator.cs using Guid(a4b6f99e8bc54541bbd149b014ff441c) Importer(2089858483,192608db42251d675da83286b1cce702) (ScriptedImporter) -> (artifact id: '09fe163bf30fb78e5cc2d1073ea5761c') in 0.0110129 seconds
Number of updated asset objects reloaded before import = 0Number of asset objects unloaded after import = 0

========================================================================
Received Import Request.
  Time since last request: 0.000017 seconds.
  path: Assets/TextMesh Pro/Examples & Extras
  artifactKey: Guid(a50ca722b36334a4bb3ea68f372bc030) Importer(2089858483,192608db42251d675da83286b1cce702)
Start importing Assets/TextMesh Pro/Examples & Extras using Guid(a50ca722b36334a4bb3ea68f372bc030) Importer(2089858483,192608db42251d675da83286b1cce702) (ScriptedImporter) -> (artifact id: 'deeb9513357b35f6a2f6b4f96a7e07dd') in 0.0112422 seconds
Number of updated asset objects reloaded before import = 0Number of asset objects unloaded after import = 1

========================================================================
Received Import Request.
  Time since last request: 0.000012 seconds.
  path: Assets/Hash Game studios/Trash Bag & Trash Box/Textures/Trash box 2/Aluminum/Trash can 2_Box_Albedo.png
  artifactKey: Guid(f694dc10a7fffc04d841a015f91a7791) Importer(2089858483,192608db42251d675da83286b1cce702)
Start importing Assets/Hash Game studios/Trash Bag & Trash Box/Textures/Trash box 2/Aluminum/Trash can 2_Box_Albedo.png using Guid(f694dc10a7fffc04d841a015f91a7791) Importer(2089858483,192608db42251d675da83286b1cce702) (ScriptedImporter) -> (artifact id: '9e72db96cdcf78e114c8e79917d9349a') in 0.0371445 seconds
Number of updated asset objects reloaded before import = 0Number of asset objects unloaded after import = 1

========================================================================
Received Import Request.
  Time since last request: 0.000016 seconds.
  path: Assets/AK Studio Art/Waste Can/Textures/Waste_Can_AlbedoTransparency_gray.png
  artifactKey: Guid(53356059f6002bb438f972b3f9f25f8f) Importer(2089858483,192608db42251d675da83286b1cce702)
Start importing Assets/AK Studio Art/Waste Can/Textures/Waste_Can_AlbedoTransparency_gray.png using Guid(53356059f6002bb438f972b3f9f25f8f) Importer(2089858483,192608db42251d675da83286b1cce702) (ScriptedImporter) -> (artifact id: '3ffdcaab8e2353ed6c9ff19c5f618e4c') in 0.0156185 seconds
Number of updated asset objects reloaded before import = 0Number of asset objects unloaded after import = 1

========================================================================
Received Import Request.
  Time since last request: 0.000016 seconds.
  path: Assets/TextMesh Pro/Examples & Extras/Scripts/TMP_FrameRateCounter.cs
  artifactKey: Guid(686ec78b56aa445795335fbadafcfaa4) Importer(2089858483,192608db42251d675da83286b1cce702)
Start importing Assets/TextMesh Pro/Examples & Extras/Scripts/TMP_FrameRateCounter.cs using Guid(686ec78b56aa445795335fbadafcfaa4) Importer(2089858483,192608db42251d675da83286b1cce702) (ScriptedImporter) -> (artifact id: 'c8e752c69ea67bca9b85e1b2e5bf6e2b') in 0.0179051 seconds
Number of updated asset objects reloaded before import = 0Number of asset objects unloaded after import = 0

========================================================================
Received Import Request.
  Time since last request: 0.000023 seconds.
  path: Assets/FastMesh/Materials
  artifactKey: Guid(b55d98b69403f164599408231a8bbfe2) Importer(2089858483,192608db42251d675da83286b1cce702)
Start importing Assets/FastMesh/Materials using Guid(b55d98b69403f164599408231a8bbfe2) Importer(2089858483,192608db42251d675da83286b1cce702) (ScriptedImporter) -> (artifact id: '55eeb3f5bf2c55731a411c347f18586e') in 0.0113129 seconds
Number of updated asset objects reloaded before import = 0Number of asset objects unloaded after import = 1

========================================================================
Received Import Request.
  Time since last request: 0.000020 seconds.
  path: Assets/TextMesh Pro/Examples & Extras/Scripts/TMPro_InstructionOverlay.cs
  artifactKey: Guid(c3c1afeda5e545e0b19add5373896d2e) Importer(2089858483,192608db42251d675da83286b1cce702)
Start importing Assets/TextMesh Pro/Examples & Extras/Scripts/TMPro_InstructionOverlay.cs using Guid(c3c1afeda5e545e0b19add5373896d2e) Importer(2089858483,192608db42251d675da83286b1cce702) (ScriptedImporter) -> (artifact id: 'de2f5a62570d64c760e97fd252bebbf3') in 0.0145657 seconds
Number of updated asset objects reloaded before import = 0Number of asset objects unloaded after import = 0

========================================================================
Received Import Request.
  Time since last request: 0.000014 seconds.
  path: Assets/TextMesh Pro/Examples & Extras/Scripts/TextMeshSpawner.cs
  artifactKey: Guid(76c11bbcfddf44e0ba17d6c2751c8d84) Importer(2089858483,192608db42251d675da83286b1cce702)
Start importing Assets/TextMesh Pro/Examples & Extras/Scripts/TextMeshSpawner.cs using Guid(76c11bbcfddf44e0ba17d6c2751c8d84) Importer(2089858483,192608db42251d675da83286b1cce702) (ScriptedImporter) -> (artifact id: '666c24a96682d0e2ad44c82da8f22fbe') in 0.0134213 seconds
Number of updated asset objects reloaded before import = 0Number of asset objects unloaded after import = 0

========================================================================
Received Import Request.
  Time since last request: 0.000014 seconds.
  path: Assets/Hash Game studios/Trash Bag & Trash Box/Textures/Trash box 2/Aluminum/Trash can 2_Box_Metalic.png
  artifactKey: Guid(9d3f84ef7b01c7e4b9b198eb7f9b1f64) Importer(2089858483,192608db42251d675da83286b1cce702)
Start importing Assets/Hash Game studios/Trash Bag & Trash Box/Textures/Trash box 2/Aluminum/Trash can 2_Box_Metalic.png using Guid(9d3f84ef7b01c7e4b9b198eb7f9b1f64) Importer(2089858483,192608db42251d675da83286b1cce702) (ScriptedImporter) -> (artifact id: 'e1b46acb198756d9cd34448491b63b57') in 0.0167342 seconds
Number of updated asset objects reloaded before import = 0Number of asset objects unloaded after import = 1

========================================================================
Received Import Request.
  Time since last request: 0.000014 seconds.
  path: Assets/Hash Game studios/Trash Bag & Trash Box/Textures/Trash box 2
  artifactKey: Guid(1be8a4c3d2de5704faab796ffec7ec8c) Importer(2089858483,192608db42251d675da83286b1cce702)
Start importing Assets/Hash Game studios/Trash Bag & Trash Box/Textures/Trash box 2 using Guid(1be8a4c3d2de5704faab796ffec7ec8c) Importer(2089858483,192608db42251d675da83286b1cce702) (ScriptedImporter) -> (artifact id: 'ca22d2234fbb3a36fba7282f4eeadc50') in 0.0084526 seconds
Number of updated asset objects reloaded before import = 0Number of asset objects unloaded after import = 1

========================================================================
Received Import Request.
  Time since last request: 0.000014 seconds.
  path: Assets/Hash Game studios/Trash Bag & Trash Box/Textures/Trash box 2/Aluminum/Trash can 2_Cap_AmbientOcclusion.png
  artifactKey: Guid(311648184860e5f4eb441d588e5089eb) Importer(2089858483,192608db42251d675da83286b1cce702)
Start importing Assets/Hash Game studios/Trash Bag & Trash Box/Textures/Trash box 2/Aluminum/Trash can 2_Cap_AmbientOcclusion.png using Guid(311648184860e5f4eb441d588e5089eb) Importer(2089858483,192608db42251d675da83286b1cce702) (ScriptedImporter) -> (artifact id: 'bf4f6b04cb2a9131b6ee64039b2cbc93') in 0.0158862 seconds
Number of updated asset objects reloaded before import = 0Number of asset objects unloaded after import = 1

========================================================================
Received Import Request.
  Time since last request: 0.000016 seconds.
  path: Assets/Hash Game studios/Trash Bag & Trash Box/Materials/Trash box 2
  artifactKey: Guid(2b8406c5502de0e4f83e3a4fbb210fdb) Importer(2089858483,192608db42251d675da83286b1cce702)
Start importing Assets/Hash Game studios/Trash Bag & Trash Box/Materials/Trash box 2 using Guid(2b8406c5502de0e4f83e3a4fbb210fdb) Importer(2089858483,192608db42251d675da83286b1cce702) (ScriptedImporter) -> (artifact id: '0f87800179a97d15280c0141c01915cb') in 0.0112065 seconds
Number of updated asset objects reloaded before import = 0Number of asset objects unloaded after import = 1

========================================================================
Received Import Request.
  Time since last request: 0.000021 seconds.
  path: Assets/Hash Game studios/Trash Bag & Trash Box/Meshes
  artifactKey: Guid(b6e0746bc12b03b468955107c76ca066) Importer(2089858483,192608db42251d675da83286b1cce702)
Start importing Assets/Hash Game studios/Trash Bag & Trash Box/Meshes using Guid(b6e0746bc12b03b468955107c76ca066) Importer(2089858483,192608db42251d675da83286b1cce702) (ScriptedImporter) -> (artifact id: 'a5e866ac9db2de5e466fd8a5886131f8') in 0.0108556 seconds
Number of updated asset objects reloaded before import = 0Number of asset objects unloaded after import = 1

========================================================================
Received Import Request.
  Time since last request: 0.000012 seconds.
  path: Assets/TextMesh Pro/Examples & Extras/Scripts/ChatController.cs
  artifactKey: Guid(53d91f98a2664f5cb9af11de72ac54ec) Importer(2089858483,192608db42251d675da83286b1cce702)
Start importing Assets/TextMesh Pro/Examples & Extras/Scripts/ChatController.cs using Guid(53d91f98a2664f5cb9af11de72ac54ec) Importer(2089858483,192608db42251d675da83286b1cce702) (ScriptedImporter) -> (artifact id: '906f829683f197dc321a4459d623b2f4') in 0.0097012 seconds
Number of updated asset objects reloaded before import = 0Number of asset objects unloaded after import = 0

========================================================================
Received Import Request.
  Time since last request: 0.000017 seconds.
  path: Assets/TextMesh Pro/Examples & Extras/Scripts/SkewTextExample.cs
  artifactKey: Guid(d412675cfb3441efa3bf8dcd9b7624dc) Importer(2089858483,192608db42251d675da83286b1cce702)
Start importing Assets/TextMesh Pro/Examples & Extras/Scripts/SkewTextExample.cs using Guid(d412675cfb3441efa3bf8dcd9b7624dc) Importer(2089858483,192608db42251d675da83286b1cce702) (ScriptedImporter) -> (artifact id: '230101f2bd3a3a1121b0213eaba1aae4') in 0.0344069 seconds
Number of updated asset objects reloaded before import = 0Number of asset objects unloaded after import = 0

========================================================================
Received Import Request.
  Time since last request: 0.000014 seconds.
  path: Assets/BTM_Assets/BTM_Items_Gems/Scripts/Coinscript.cs
  artifactKey: Guid(30963f59eca354d4a9b4c7c58bff7028) Importer(2089858483,192608db42251d675da83286b1cce702)
Start importing Assets/BTM_Assets/BTM_Items_Gems/Scripts/Coinscript.cs using Guid(30963f59eca354d4a9b4c7c58bff7028) Importer(2089858483,192608db42251d675da83286b1cce702) (ScriptedImporter) -> (artifact id: '63b9d1dc456adf18ee988d9bb8190124') in 0.0101821 seconds
Number of updated asset objects reloaded before import = 0Number of asset objects unloaded after import = 0

========================================================================
Received Import Request.
  Time since last request: 0.000013 seconds.
  path: Assets/AK Studio Art/Waste Can/Materials
  artifactKey: Guid(c4949b74a3805e14d9b434ceddb22754) Importer(2089858483,192608db42251d675da83286b1cce702)
Start importing Assets/AK Studio Art/Waste Can/Materials using Guid(c4949b74a3805e14d9b434ceddb22754) Importer(2089858483,192608db42251d675da83286b1cce702) (ScriptedImporter) -> (artifact id: 'c6e84c7174839d95d60b37db8df9853a') in 0.0091689 seconds
Number of updated asset objects reloaded before import = 0Number of asset objects unloaded after import = 1

========================================================================
Received Import Request.
  Time since last request: 0.000013 seconds.
  path: Assets/AK Studio Art
  artifactKey: Guid(fbad9145e2d9fcc498c97cc6ba0343d0) Importer(2089858483,192608db42251d675da83286b1cce702)
Start importing Assets/AK Studio Art using Guid(fbad9145e2d9fcc498c97cc6ba0343d0) Importer(2089858483,192608db42251d675da83286b1cce702) (ScriptedImporter) -> (artifact id: 'c9d86fe024d048c022928fc8e383da92') in 0.0085088 seconds
Number of updated asset objects reloaded before import = 0Number of asset objects unloaded after import = 1

========================================================================
Received Import Request.
  Time since last request: 0.000015 seconds.
  path: Assets/object/Title/ic_input_button-round_04_ffcc00_512.png
  artifactKey: Guid(1c1df8d252cf89b40aea07db62e9499c) Importer(2089858483,192608db42251d675da83286b1cce702)
Start importing Assets/object/Title/ic_input_button-round_04_ffcc00_512.png using Guid(1c1df8d252cf89b40aea07db62e9499c) Importer(2089858483,192608db42251d675da83286b1cce702) (ScriptedImporter) -> (artifact id: 'ea08042cc84ab4cf460b115825c9d3d8') in 0.0223982 seconds
Number of updated asset objects reloaded before import = 0Number of asset objects unloaded after import = 3

========================================================================
Received Import Request.
  Time since last request: 0.000020 seconds.
  path: Assets/TextMesh Pro/Examples & Extras/Scripts/TMP_UiFrameRateCounter.cs
  artifactKey: Guid(24b0dc2d1d494adbbec1f4db26b4cf83) Importer(2089858483,192608db42251d675da83286b1cce702)
Start importing Assets/TextMesh Pro/Examples & Extras/Scripts/TMP_UiFrameRateCounter.cs using Guid(24b0dc2d1d494adbbec1f4db26b4cf83) Importer(2089858483,192608db42251d675da83286b1cce702) (ScriptedImporter) -> (artifact id: 'cf941d04b1888b5ec9099606546ab667') in 0.0121399 seconds
Number of updated asset objects reloaded before import = 0Number of asset objects unloaded after import = 0

========================================================================
Received Import Request.
  Time since last request: 0.000019 seconds.
  path: Assets/Hash Game studios/Trash Bag & Trash Box/Textures/Trash box 2/Aluminum/Trash can 2_Cap_Normal.png
  artifactKey: Guid(4965d0fc3c569be48b71131d06a5b81d) Importer(2089858483,192608db42251d675da83286b1cce702)
Start importing Assets/Hash Game studios/Trash Bag & Trash Box/Textures/Trash box 2/Aluminum/Trash can 2_Cap_Normal.png using Guid(4965d0fc3c569be48b71131d06a5b81d) Importer(2089858483,192608db42251d675da83286b1cce702) (ScriptedImporter) -> (artifact id: '78bfc3390fbb04b45f0b75575a5a7957') in 0.0151907 seconds
Number of updated asset objects reloaded before import = 0Number of asset objects unloaded after import = 1

========================================================================
Received Import Request.
  Time since last request: 0.000014 seconds.
  path: Assets/Hash Game studios/Trash Bag & Trash Box/Meshes/Trash box 2/Trash box 2_Collider.fbx
  artifactKey: Guid(7a3577975bdc44a45b65e8d0fcd8d063) Importer(2089858483,192608db42251d675da83286b1cce702)
Start importing Assets/Hash Game studios/Trash Bag & Trash Box/Meshes/Trash box 2/Trash box 2_Collider.fbx using Guid(7a3577975bdc44a45b65e8d0fcd8d063) Importer(2089858483,192608db42251d675da83286b1cce702) (ScriptedImporter) -> (artifact id: 'ede216bce1bb44524b7e3f3fc268b23b') in 0.0130477 seconds
Number of updated asset objects reloaded before import = 0Number of asset objects unloaded after import = 14

========================================================================
Received Import Request.
  Time since last request: 0.000011 seconds.
  path: Assets/AK Studio Art/Waste Can/Model 3d
  artifactKey: Guid(8f8ee85992717774986cad4b67d232fb) Importer(2089858483,192608db42251d675da83286b1cce702)
Start importing Assets/AK Studio Art/Waste Can/Model 3d using Guid(8f8ee85992717774986cad4b67d232fb) Importer(2089858483,192608db42251d675da83286b1cce702) (ScriptedImporter) -> (artifact id: '07e6378730b61ef6059ed0e46a20fcb1') in 0.0088334 seconds
Number of updated asset objects reloaded before import = 0Number of asset objects unloaded after import = 1

========================================================================
Received Import Request.
  Time since last request: 0.007627 seconds.
  path: Assets/object/Kan/script/CameraMove.cs
  artifactKey: Guid(99958e2117f829a4ead8b14dae451e23) Importer(2089858483,192608db42251d675da83286b1cce702)
Start importing Assets/object/Kan/script/CameraMove.cs using Guid(99958e2117f829a4ead8b14dae451e23) Importer(2089858483,192608db42251d675da83286b1cce702) (ScriptedImporter) -> (artifact id: '23b347a9ae66b32fbb795f86ef8b98db') in 0.0099082 seconds
Number of updated asset objects reloaded before import = 0Number of asset objects unloaded after import = 0

========================================================================
Received Import Request.
  Time since last request: 0.000011 seconds.
  path: Assets/TextMesh Pro/Examples & Extras/Scripts/TMP_DigitValidator.cs
  artifactKey: Guid(1a7eb92a01ed499a987bde9def05fbce) Importer(2089858483,192608db42251d675da83286b1cce702)
Start importing Assets/TextMesh Pro/Examples & Extras/Scripts/TMP_DigitValidator.cs using Guid(1a7eb92a01ed499a987bde9def05fbce) Importer(2089858483,192608db42251d675da83286b1cce702) (ScriptedImporter) -> (artifact id: '1926a0557a48b43e5307c0f6a80a71fe') in 0.0094891 seconds
Number of updated asset objects reloaded before import = 0Number of asset objects unloaded after import = 0

========================================================================
Received Import Request.
  Time since last request: 0.000016 seconds.
  path: Assets/TextMesh Pro/Examples & Extras/Scripts/VertexShakeB.cs
  artifactKey: Guid(e4e0d9ccee5f4950be8979268c9014e0) Importer(2089858483,192608db42251d675da83286b1cce702)
Start importing Assets/TextMesh Pro/Examples & Extras/Scripts/VertexShakeB.cs using Guid(e4e0d9ccee5f4950be8979268c9014e0) Importer(2089858483,192608db42251d675da83286b1cce702) (ScriptedImporter) -> (artifact id: '2d11c207650598bf1f5e5a61449abcb7') in 0.0087593 seconds
Number of updated asset objects reloaded before import = 0Number of asset objects unloaded after import = 0

========================================================================
Received Import Request.
  Time since last request: 0.000023 seconds.
  path: Assets/TextMesh Pro/Examples & Extras/Scripts/ShaderPropAnimator.cs
  artifactKey: Guid(2787a46a4dc848c1b4b7b9307b614bfd) Importer(2089858483,192608db42251d675da83286b1cce702)
Start importing Assets/TextMesh Pro/Examples & Extras/Scripts/ShaderPropAnimator.cs using Guid(2787a46a4dc848c1b4b7b9307b614bfd) Importer(2089858483,192608db42251d675da83286b1cce702) (ScriptedImporter) -> (artifact id: '98b5fc6697a73a3ee40e8f38a582d2ea') in 0.0093434 seconds
Number of updated asset objects reloaded before import = 0Number of asset objects unloaded after import = 0

========================================================================
Received Import Request.
  Time since last request: 0.000015 seconds.
  path: Assets/Hash Game studios/Trash Bag & Trash Box/Scripts/Core/Render
  artifactKey: Guid(0585f8f4d39c89140841dd24d49df8a6) Importer(2089858483,192608db42251d675da83286b1cce702)
Start importing Assets/Hash Game studios/Trash Bag & Trash Box/Scripts/Core/Render using Guid(0585f8f4d39c89140841dd24d49df8a6) Importer(2089858483,192608db42251d675da83286b1cce702) (ScriptedImporter) -> (artifact id: 'dac95915be3698e80ff4ab93d767597b') in 0.0087407 seconds
Number of updated asset objects reloaded before import = 0Number of asset objects unloaded after import = 1

========================================================================
Received Import Request.
  Time since last request: 0.000013 seconds.
  path: Assets/Scenes/scoreUI_test/script_test.cs
  artifactKey: Guid(06fdb8fdf4cdaf14b9b7a912bacc0444) Importer(2089858483,192608db42251d675da83286b1cce702)
Start importing Assets/Scenes/scoreUI_test/script_test.cs using Guid(06fdb8fdf4cdaf14b9b7a912bacc0444) Importer(2089858483,192608db42251d675da83286b1cce702) (ScriptedImporter) -> (artifact id: 'dd3d95956e6eef697a329db690793fec') in 0.00932 seconds
Number of updated asset objects reloaded before import = 0Number of asset objects unloaded after import = 0

========================================================================
Received Import Request.
  Time since last request: 0.000013 seconds.
  path: Assets/Hash Game studios/Trash Bag & Trash Box/Meshes/Trash box 2
  artifactKey: Guid(118b2276b20143e43938cd373c5efe7a) Importer(2089858483,192608db42251d675da83286b1cce702)
Start importing Assets/Hash Game studios/Trash Bag & Trash Box/Meshes/Trash box 2 using Guid(118b2276b20143e43938cd373c5efe7a) Importer(2089858483,192608db42251d675da83286b1cce702) (ScriptedImporter) -> (artifact id: '30d0bd93c0dddc0421cd2a7d8e2c078b') in 0.0080825 seconds
Number of updated asset objects reloaded before import = 0Number of asset objects unloaded after import = 1

========================================================================
Received Import Request.
  Time since last request: 0.000013 seconds.
  path: Assets/Scenes/scoreUI_test
  artifactKey: Guid(d63023444ec1a83499cfda9c5ca288f6) Importer(2089858483,192608db42251d675da83286b1cce702)
Start importing Assets/Scenes/scoreUI_test using Guid(d63023444ec1a83499cfda9c5ca288f6) Importer(2089858483,192608db42251d675da83286b1cce702) (ScriptedImporter) -> (artifact id: '7db5682510a7df084edca955a127b6d4') in 0.0083964 seconds
Number of updated asset objects reloaded before import = 0Number of asset objects unloaded after import = 1

========================================================================
Received Import Request.
  Time since last request: 0.000011 seconds.
  path: Assets/TextMesh Pro/Examples & Extras/Scripts/DropdownSample.cs
  artifactKey: Guid(ac1eb05af6d391b4eb0f4c070a99f1d0) Importer(2089858483,192608db42251d675da83286b1cce702)
Start importing Assets/TextMesh Pro/Examples & Extras/Scripts/DropdownSample.cs using Guid(ac1eb05af6d391b4eb0f4c070a99f1d0) Importer(2089858483,192608db42251d675da83286b1cce702) (ScriptedImporter) -> (artifact id: '2887b1874152eb1518889a224662402b') in 0.0105816 seconds
Number of updated asset objects reloaded before import = 0Number of asset objects unloaded after import = 0

========================================================================
Received Import Request.
  Time since last request: 0.000021 seconds.
  path: Assets/TextMesh Pro/Examples & Extras/Scripts/Benchmark01_UGUI.cs
  artifactKey: Guid(8ef7be1c625941f7ba8ed7cc71718c0d) Importer(2089858483,192608db42251d675da83286b1cce702)
Start importing Assets/TextMesh Pro/Examples & Extras/Scripts/Benchmark01_UGUI.cs using Guid(8ef7be1c625941f7ba8ed7cc71718c0d) Importer(2089858483,192608db42251d675da83286b1cce702) (ScriptedImporter) -> (artifact id: 'ad1a3a7268bf1e360d73df82dff00e30') in 0.0113696 seconds
Number of updated asset objects reloaded before import = 0Number of asset objects unloaded after import = 0

========================================================================
Received Import Request.
  Time since last request: 0.000020 seconds.
  path: Assets/Hash Game studios/Trash Bag & Trash Box/Scripts
  artifactKey: Guid(c7f6cef584dcc5a48ba2d799cfdf1747) Importer(2089858483,192608db42251d675da83286b1cce702)
Start importing Assets/Hash Game studios/Trash Bag & Trash Box/Scripts using Guid(c7f6cef584dcc5a48ba2d799cfdf1747) Importer(2089858483,192608db42251d675da83286b1cce702) (ScriptedImporter) -> (artifact id: 'af8d19344b2d9ccc7e36c4e57d34a5b9') in 0.0101871 seconds
Number of updated asset objects reloaded before import = 0Number of asset objects unloaded after import = 1

========================================================================
Received Import Request.
  Time since last request: 0.000025 seconds.
  path: Assets/TextMesh Pro/Examples & Extras/Scripts/TeleType.cs
  artifactKey: Guid(e32c266ee6204b21a427753cb0694c81) Importer(2089858483,192608db42251d675da83286b1cce702)
Start importing Assets/TextMesh Pro/Examples & Extras/Scripts/TeleType.cs using Guid(e32c266ee6204b21a427753cb0694c81) Importer(2089858483,192608db42251d675da83286b1cce702) (ScriptedImporter) -> (artifact id: 'e76d08346cea3fc8794ae0bd8d6fd89a') in 0.0104231 seconds
Number of updated asset objects reloaded before import = 0Number of asset objects unloaded after import = 0

========================================================================
Received Import Request.
  Time since last request: 0.000013 seconds.
  path: Assets/object/Title/ic_system_clock_02_000000_512.png
  artifactKey: Guid(e34bc9f676f398c49a0bb752a073e3c9) Importer(2089858483,192608db42251d675da83286b1cce702)
Start importing Assets/object/Title/ic_system_clock_02_000000_512.png using Guid(e34bc9f676f398c49a0bb752a073e3c9) Importer(2089858483,192608db42251d675da83286b1cce702) (ScriptedImporter) -> (artifact id: 'fd3b9ca2babba0649e651dc0f6d2e057') in 0.0194674 seconds
Number of updated asset objects reloaded before import = 0Number of asset objects unloaded after import = 3

========================================================================
Received Import Request.
  Time since last request: 0.000014 seconds.
  path: Assets/TextMesh Pro/Examples & Extras/Scripts/TMP_TextSelector_B.cs
  artifactKey: Guid(a05dcd8be7ec4ccbb35c26219884aa37) Importer(2089858483,192608db42251d675da83286b1cce702)
Start importing Assets/TextMesh Pro/Examples & Extras/Scripts/TMP_TextSelector_B.cs using Guid(a05dcd8be7ec4ccbb35c26219884aa37) Importer(2089858483,192608db42251d675da83286b1cce702) (ScriptedImporter) -> (artifact id: '030a86de282e117dacd372c1d625af4e') in 0.0115454 seconds
Number of updated asset objects reloaded before import = 0Number of asset objects unloaded after import = 0

========================================================================
Received Import Request.
  Time since last request: 0.000014 seconds.
  path: Assets/FastMesh
  artifactKey: Guid(630bf273ddfba1b4bb312ace96458f7f) Importer(2089858483,192608db42251d675da83286b1cce702)
Start importing Assets/FastMesh using Guid(630bf273ddfba1b4bb312ace96458f7f) Importer(2089858483,192608db42251d675da83286b1cce702) (ScriptedImporter) -> (artifact id: 'f80d5eb8a0fe25f8326884dc6988db87') in 0.0090452 seconds
Number of updated asset objects reloaded before import = 0Number of asset objects unloaded after import = 1

========================================================================
Received Import Request.
  Time since last request: 0.000012 seconds.
  path: Assets/object/Title/ic_system_flag_03_ff4444_512.png
  artifactKey: Guid(5e07b31c0b0104945819aaff14d94160) Importer(2089858483,192608db42251d675da83286b1cce702)
Start importing Assets/object/Title/ic_system_flag_03_ff4444_512.png using Guid(5e07b31c0b0104945819aaff14d94160) Importer(2089858483,192608db42251d675da83286b1cce702) (ScriptedImporter) -> (artifact id: 'ac3820566c7cb0d3e0e6e6820f4b0cbb') in 0.0160581 seconds
Number of updated asset objects reloaded before import = 0Number of asset objects unloaded after import = 3

========================================================================
Received Import Request.
  Time since last request: 0.000011 seconds.
  path: Assets/Hash Game studios/Trash Bag & Trash Box/Materials
  artifactKey: Guid(fb977517314f707498a2b6f35bcafd99) Importer(2089858483,192608db42251d675da83286b1cce702)
Start importing Assets/Hash Game studios/Trash Bag & Trash Box/Materials using Guid(fb977517314f707498a2b6f35bcafd99) Importer(2089858483,192608db42251d675da83286b1cce702) (ScriptedImporter) -> (artifact id: 'd50858c993711fc8e7416f9ae5b4eb08') in 0.0099847 seconds
Number of updated asset objects reloaded before import = 0Number of asset objects unloaded after import = 1

========================================================================
Received Import Request.
  Time since last request: 0.000015 seconds.
  path: Assets/AK Studio Art/Waste Can/Materials/Waste_Can_Albedo_blue.mat
  artifactKey: Guid(83dfbf8af238f7a4a954d51f9652b34a) Importer(2089858483,192608db42251d675da83286b1cce702)
Start importing Assets/AK Studio Art/Waste Can/Materials/Waste_Can_Albedo_blue.mat using Guid(83dfbf8af238f7a4a954d51f9652b34a) Importer(2089858483,192608db42251d675da83286b1cce702) (ScriptedImporter) -> (artifact id: 'eaf44db766de35d1666599b25c94633d') in 0.0395831 seconds
Number of updated asset objects reloaded before import = 0Number of asset objects unloaded after import = 5

========================================================================
Received Import Request.
  Time since last request: 0.000022 seconds.
  path: Assets/AK Studio Art/Waste Can/Textures/Waste_Can_AlbedoTransparency_blue.png
  artifactKey: Guid(40f4a967d5d391c4b91fc034501e0c7e) Importer(2089858483,192608db42251d675da83286b1cce702)
Start importing Assets/AK Studio Art/Waste Can/Textures/Waste_Can_AlbedoTransparency_blue.png using Guid(40f4a967d5d391c4b91fc034501e0c7e) Importer(2089858483,192608db42251d675da83286b1cce702) (ScriptedImporter) -> (artifact id: '6242424675a540fe93f3ba76f34b84cd') in 0.0145365 seconds
Number of updated asset objects reloaded before import = 0Number of asset objects unloaded after import = 1

========================================================================
Received Import Request.
  Time since last request: 0.000013 seconds.
  path: Assets/AK Studio Art/Waste Can/Textures
  artifactKey: Guid(391ad6967c13805449eddfc55fbdc83b) Importer(2089858483,192608db42251d675da83286b1cce702)
Start importing Assets/AK Studio Art/Waste Can/Textures using Guid(391ad6967c13805449eddfc55fbdc83b) Importer(2089858483,192608db42251d675da83286b1cce702) (ScriptedImporter) -> (artifact id: '08be5291a220e1debf05b3fd4c51c850') in 0.0088925 seconds
Number of updated asset objects reloaded before import = 0Number of asset objects unloaded after import = 1

========================================================================
Received Import Request.
  Time since last request: 0.000014 seconds.
  path: Assets/Hash Game studios/Trash Bag & Trash Box/Textures/Trash box 2/Aluminum/Trash can 2_Box_Height.png
  artifactKey: Guid(1e1b9b6929d63a34fbab773355a7d282) Importer(2089858483,192608db42251d675da83286b1cce702)
Start importing Assets/Hash Game studios/Trash Bag & Trash Box/Textures/Trash box 2/Aluminum/Trash can 2_Box_Height.png using Guid(1e1b9b6929d63a34fbab773355a7d282) Importer(2089858483,192608db42251d675da83286b1cce702) (ScriptedImporter) -> (artifact id: 'a750bc477bd690df542bedb7caa8a965') in 0.0210778 seconds
Number of updated asset objects reloaded before import = 0Number of asset objects unloaded after import = 1

========================================================================
Received Import Request.
  Time since last request: 0.000016 seconds.
  path: Assets/FastMesh/Materials/Steel 1.mat
  artifactKey: Guid(4c407642dd6ec5e4cb4c6ff3b742a84e) Importer(2089858483,192608db42251d675da83286b1cce702)
Start importing Assets/FastMesh/Materials/Steel 1.mat using Guid(4c407642dd6ec5e4cb4c6ff3b742a84e) Importer(2089858483,192608db42251d675da83286b1cce702) (ScriptedImporter) -> (artifact id: '67d985f3d14cb7a9a6e203fc7426ccc3') in 0.010922 seconds
Number of updated asset objects reloaded before import = 0Number of asset objects unloaded after import = 1

========================================================================
Received Import Request.
  Time since last request: 0.000013 seconds.
  path: Assets/Hash Game studios/Trash Bag & Trash Box
  artifactKey: Guid(ce7338573ed3a7f47b49137a8bf6d5a9) Importer(2089858483,192608db42251d675da83286b1cce702)
Start importing Assets/Hash Game studios/Trash Bag & Trash Box using Guid(ce7338573ed3a7f47b49137a8bf6d5a9) Importer(2089858483,192608db42251d675da83286b1cce702) (ScriptedImporter) -> (artifact id: '0a15c9515d0481ea1964cdf31c42bbcd') in 0.0080667 seconds
Number of updated asset objects reloaded before import = 0Number of asset objects unloaded after import = 1

========================================================================
Received Import Request.
  Time since last request: 0.000014 seconds.
  path: Assets/Hash Game studios/Trash Bag & Trash Box/Materials/Trash box 2/Trash box 2 AL mat.mat
  artifactKey: Guid(3214329924f664942bd7724de4fb130e) Importer(2089858483,192608db42251d675da83286b1cce702)
Start importing Assets/Hash Game studios/Trash Bag & Trash Box/Materials/Trash box 2/Trash box 2 AL mat.mat using Guid(3214329924f664942bd7724de4fb130e) Importer(2089858483,192608db42251d675da83286b1cce702) (ScriptedImporter) -> (artifact id: 'a80cfeaba09bf66ffe4ec421e4d512ab') in 0.0203831 seconds
Number of updated asset objects reloaded before import = 0Number of asset objects unloaded after import = 6

========================================================================
Received Import Request.
  Time since last request: 0.000015 seconds.
  path: Assets/TextMesh Pro/Examples & Extras/Scripts/TextMeshProFloatingText.cs
  artifactKey: Guid(a4d4c76e63944cba8c7d00f56334b98c) Importer(2089858483,192608db42251d675da83286b1cce702)
Start importing Assets/TextMesh Pro/Examples & Extras/Scripts/TextMeshProFloatingText.cs using Guid(a4d4c76e63944cba8c7d00f56334b98c) Importer(2089858483,192608db42251d675da83286b1cce702) (ScriptedImporter) -> (artifact id: 'a053cc694df76a40bf19e82235140226') in 0.0114494 seconds
Number of updated asset objects reloaded before import = 0Number of asset objects unloaded after import = 0

========================================================================
Received Import Request.
  Time since last request: 0.000021 seconds.
  path: Assets/Hash Game studios/Trash Bag & Trash Box/Textures/Trash box 2/Aluminum
  artifactKey: Guid(d61e723bf393de447b22f5e4b9708418) Importer(2089858483,192608db42251d675da83286b1cce702)
Start importing Assets/Hash Game studios/Trash Bag & Trash Box/Textures/Trash box 2/Aluminum using Guid(d61e723bf393de447b22f5e4b9708418) Importer(2089858483,192608db42251d675da83286b1cce702) (ScriptedImporter) -> (artifact id: '4a2236f836fcf253a452961096e06b5d') in 0.0090874 seconds
Number of updated asset objects reloaded before import = 0Number of asset objects unloaded after import = 1

========================================================================
Received Import Request.
  Time since last request: 0.000012 seconds.
  path: Assets/Scenes/judging board_test/clear.mat
  artifactKey: Guid(f7a482578309fe342ac106f948134beb) Importer(2089858483,192608db42251d675da83286b1cce702)
Start importing Assets/Scenes/judging board_test/clear.mat using Guid(f7a482578309fe342ac106f948134beb) Importer(2089858483,192608db42251d675da83286b1cce702) (ScriptedImporter) -> (artifact id: '9de95dded302c96ebba4814153d41388') in 0.0101791 seconds
Number of updated asset objects reloaded before import = 0Number of asset objects unloaded after import = 1

========================================================================
Received Import Request.
  Time since last request: 0.000012 seconds.
  path: Assets/Hash Game studios/Trash Bag & Trash Box/Textures/Trash box 2/Aluminum/Trash can 2_Box_AmbientOcclusion.png
  artifactKey: Guid(fd332805db1aeb9439e3d9c969f2f462) Importer(2089858483,192608db42251d675da83286b1cce702)
Start importing Assets/Hash Game studios/Trash Bag & Trash Box/Textures/Trash box 2/Aluminum/Trash can 2_Box_AmbientOcclusion.png using Guid(fd332805db1aeb9439e3d9c969f2f462) Importer(2089858483,192608db42251d675da83286b1cce702) (ScriptedImporter) -> (artifact id: '556e8b65ac8e872e1f8e1c84e0604f1c') in 0.0156045 seconds
Number of updated asset objects reloaded before import = 0Number of asset objects unloaded after import = 1

========================================================================
Received Import Request.
  Time since last request: 0.000013 seconds.
  path: Assets/AK Studio Art/Waste Can/Textures/Waste_Can_Normal.png
  artifactKey: Guid(0a577978d56cc9948a396b38732abff8) Importer(2089858483,192608db42251d675da83286b1cce702)
Start importing Assets/AK Studio Art/Waste Can/Textures/Waste_Can_Normal.png using Guid(0a577978d56cc9948a396b38732abff8) Importer(2089858483,192608db42251d675da83286b1cce702) (ScriptedImporter) -> (artifact id: 'a2dd5fc6644ddcd5afb3316f70fa753d') in 0.0155109 seconds
Number of updated asset objects reloaded before import = 0Number of asset objects unloaded after import = 1

========================================================================
Received Import Request.
  Time since last request: 0.000014 seconds.
  path: Assets/FastMesh/Materials/Steel 2.mat
  artifactKey: Guid(7eb1df4fcbfc19c42ba0cedb12a877bd) Importer(2089858483,192608db42251d675da83286b1cce702)
Start importing Assets/FastMesh/Materials/Steel 2.mat using Guid(7eb1df4fcbfc19c42ba0cedb12a877bd) Importer(2089858483,192608db42251d675da83286b1cce702) (ScriptedImporter) -> (artifact id: 'dbf62d80de8f4e1153d2aaae395212d0') in 0.0107686 seconds
Number of updated asset objects reloaded before import = 0Number of asset objects unloaded after import = 1

========================================================================
Received Import Request.
  Time since last request: 529.302955 seconds.
  path: Assets/Hash Game studios/Trash Bag & Trash Box/Materials/Trash box 2/Trash box 2 AL mat.mat
  artifactKey: Guid(3214329924f664942bd7724de4fb130e) Importer(2089858483,192608db42251d675da83286b1cce702)
Start importing Assets/Hash Game studios/Trash Bag & Trash Box/Materials/Trash box 2/Trash box 2 AL mat.mat using Guid(3214329924f664942bd7724de4fb130e) Importer(2089858483,192608db42251d675da83286b1cce702) (ScriptedImporter) -> (artifact id: '4a9d860f1043fc90ab7b4defbf653e07') in 0.0319104 seconds
Number of updated asset objects reloaded before import = 0Number of asset objects unloaded after import = 6

========================================================================
Received Import Request.
  Time since last request: 0.000021 seconds.
  path: Assets/Scenes/judging board_test/clear.mat
  artifactKey: Guid(f7a482578309fe342ac106f948134beb) Importer(2089858483,192608db42251d675da83286b1cce702)
Start importing Assets/Scenes/judging board_test/clear.mat using Guid(f7a482578309fe342ac106f948134beb) Importer(2089858483,192608db42251d675da83286b1cce702) (ScriptedImporter) -> (artifact id: 'd721123d28b1f1d875a4b74cb6e37334') in 0.0109219 seconds
Number of updated asset objects reloaded before import = 0Number of asset objects unloaded after import = 1

========================================================================
Received Import Request.
  Time since last request: 0.000034 seconds.
  path: Assets/Scenes/demo_city_night.unity
  artifactKey: Guid(3dd6985d248a2724291b46a30456112a) Importer(2089858483,192608db42251d675da83286b1cce702)
Start importing Assets/Scenes/demo_city_night.unity using Guid(3dd6985d248a2724291b46a30456112a) Importer(2089858483,192608db42251d675da83286b1cce702) (ScriptedImporter) -> (artifact id: '93196fc0a67d71b931b45348f4fea026') in 0.0452493 seconds
Number of updated asset objects reloaded before import = 0Number of asset objects unloaded after import = 1

