Using pre-set license
Built from '6000.0/respin/6000.0.59f1-063c55f2fd0f' branch; Version is '6000.0.59f2 (ef281c76c3c1) revision 15673372'; Using compiler version '193933523'; Build Type 'Release'
OS: 'Windows 11  (10.0.26200) 64bit Professional' Language: 'ja' Physical Memory: 32486 MB
BatchMode: 1, IsHumanControllingUs: 0, StartBugReporterOnCrash: 0, Is64bit: 1
Date: 2026-04-15T05:04:12Z

COMMAND LINE ARGUMENTS:
C:\Program Files\Unity\Hub\Editor\6000.0.59f2-x86_64\Editor\Unity.exe
-adb2
-batchMode
-noUpm
-name
AssetImportWorker5
-projectPath
C:/Users/student/Documents/GitHub/assignment2-uic-tickets/Project/tickets
-logFile
Logs/AssetImportWorker5.log
-srvPort
63071
-job-worker-count
11
-background-job-worker-count
8
-gc-helper-count
1
-name
AssetImport
Successfully changed project path to: C:/Users/student/Documents/GitHub/assignment2-uic-tickets/Project/tickets
C:/Users/student/Documents/GitHub/assignment2-uic-tickets/Project/tickets
[UnityMemory] Configuration Parameters - Can be set up in boot.config
    "memorysetup-bucket-allocator-granularity=16"
    "memorysetup-bucket-allocator-bucket-count=8"
    "memorysetup-bucket-allocator-block-size=33554432"
    "memorysetup-bucket-allocator-block-count=8"
    "memorysetup-main-allocator-block-size=16777216"
    "memorysetup-thread-allocator-block-size=16777216"
    "memorysetup-gfx-main-allocator-block-size=16777216"
    "memorysetup-gfx-thread-allocator-block-size=16777216"
    "memorysetup-cache-allocator-block-size=4194304"
    "memorysetup-typetree-allocator-block-size=2097152"
    "memorysetup-profiler-bucket-allocator-granularity=16"
    "memorysetup-profiler-bucket-allocator-bucket-count=8"
    "memorysetup-profiler-bucket-allocator-block-size=33554432"
    "memorysetup-profiler-bucket-allocator-block-count=8"
    "memorysetup-profiler-allocator-block-size=16777216"
    "memorysetup-profiler-editor-allocator-block-size=1048576"
    "memorysetup-temp-allocator-size-main=16777216"
    "memorysetup-job-temp-allocator-block-size=2097152"
    "memorysetup-job-temp-allocator-block-size-background=1048576"
    "memorysetup-job-temp-allocator-reduction-small-platforms=262144"
    "memorysetup-allocator-temp-initial-block-size-main=262144"
    "memorysetup-allocator-temp-initial-block-size-worker=262144"
    "memorysetup-temp-allocator-size-background-worker=32768"
    "memorysetup-temp-allocator-size-job-worker=262144"
    "memorysetup-temp-allocator-size-preload-manager=33554432"
    "memorysetup-temp-allocator-size-nav-mesh-worker=65536"
    "memorysetup-temp-allocator-size-audio-worker=65536"
    "memorysetup-temp-allocator-size-cloud-worker=32768"
    "memorysetup-temp-allocator-size-gi-baking-worker=262144"
    "memorysetup-temp-allocator-size-gi-baking-worker=262144"
    "memorysetup-temp-allocator-size-gi-baking-worker=262144"
    "memorysetup-temp-allocator-size-gi-baking-worker=262144"
    "memorysetup-temp-allocator-size-gi-baking-worker=262144"
    "memorysetup-temp-allocator-size-gfx=262144"
Player connection [30692]  Target information:

Player connection [30692]  * "[IP] 10.204.97.26 [Port] 0 [Flags] 2 [Guid] 3864654154 [EditorId] 3864654154 [Version] 1048832 [Id] WindowsEditor(7,PC-U24-G15) [Debug] 1 [PackageName] WindowsEditor [ProjectName] Editor" 

Player connection [30692] Host joined multi-casting on [225.0.0.222:54997]...
Player connection [30692] Host joined alternative multi-casting on [225.0.0.222:34997]...
JobSystem: Creating JobQueue using job-worker-count value 11
Input System module state changed to: Initialized.
[Physics::Module] Initialized fallback backend.
[Physics::Module] Id: 0xdecafbad
Library Redirect Path: Library/
[Physics::Module] Selected backend.
[Physics::Module] Name: PhysX
[Physics::Module] Id: 0xf2b8ea05
[Physics::Module] SDK Version: 4.1.2
[Physics::Module] Integration Version: 1.0.0
[Physics::Module] Threading Mode: Multi-Threaded
Refreshing native plugins compatible for Editor in 1.43 ms, found 4 plugins.
Preloading 0 native plugins for Editor in 0.00 ms.
Initialize engine version: 6000.0.59f2 (ef281c76c3c1)
[Subsystems] Discovering subsystems at path C:/Program Files/Unity/Hub/Editor/6000.0.59f2-x86_64/Editor/Data/Resources/UnitySubsystems
[Subsystems] Discovering subsystems at path C:/Users/student/Documents/GitHub/assignment2-uic-tickets/Project/tickets/Assets
GfxDevice: creating device client; kGfxThreadingModeNonThreaded
Direct3D:
    Version:  Direct3D 11.0 [level 11.1]
    Renderer: NVIDIA GeForce RTX 4060 Ti (ID=0x2803)
    Vendor:   NVIDIA
    VRAM:     7949 MB
    Driver:   32.0.15.8195
Shader 'Universal Render Pipeline/Nature/SpeedTree7': fallback shader 'Hidden/Universal Render Pipeline/FallbackError' not found
Shader 'Universal Render Pipeline/Nature/SpeedTree7': dependency 'BillboardShader' shader 'Universal Render Pipeline/Nature/SpeedTree7 Billboard' not found
Shader 'Hidden/Universal Render Pipeline/StencilDeferred': fallback shader 'Hidden/Universal Render Pipeline/FallbackError' not found
Shader 'Hidden/Universal Render Pipeline/FallbackError': fallback shader 'Hidden/Core/FallbackError' not found
Shader 'Universal Render Pipeline/Lit': fallback shader 'Hidden/Universal Render Pipeline/FallbackError' not found
Shader 'Universal Render Pipeline/Particles/Unlit': fallback shader 'Hidden/Universal Render Pipeline/FallbackError' not found
Shader 'Universal Render Pipeline/Complex Lit': fallback shader 'Hidden/Universal Render Pipeline/FallbackError' not found
Shader 'Universal Render Pipeline/VR/SpatialMapping/Occlusion': fallback shader 'Hidden/Universal Render Pipeline/FallbackError' not found
Shader 'Universal Render Pipeline/VR/SpatialMapping/Wireframe': fallback shader 'Hidden/Universal Render Pipeline/FallbackError' not found
Shader 'Universal Render Pipeline/Simple Lit': fallback shader 'Hidden/Universal Render Pipeline/FallbackError' not found
Shader 'Universal Render Pipeline/Particles/Simple Lit': fallback shader 'Universal Render Pipeline/Particles/Unlit' not found
Shader 'Universal Render Pipeline/Particles/Lit': fallback shader 'Universal Render Pipeline/Particles/Simple Lit' not found
Shader 'Universal Render Pipeline/Nature/SpeedTree8': fallback shader 'Hidden/Universal Render Pipeline/FallbackError' not found
Shader 'Hidden/Universal Render Pipeline/Terrain/Lit (Add Pass)': fallback shader 'Hidden/Universal Render Pipeline/FallbackError' not found
Shader 'TextMeshPro/Distance Field Overlay': fallback shader 'TextMeshPro/Mobile/Distance Field' not found
Shader 'Universal Render Pipeline/Baked Lit': fallback shader 'Universal Render Pipeline/Unlit' not found
Shader 'TextMeshPro/Distance Field SSD': fallback shader 'TextMeshPro/Mobile/Distance Field' not found
Shader 'TextMeshPro/Distance Field': fallback shader 'TextMeshPro/Mobile/Distance Field' not found
Shader 'Universal Render Pipeline/Nature/SpeedTree7 Billboard': fallback shader 'Hidden/Universal Render Pipeline/FallbackError' not found
Shader 'Universal Render Pipeline/Unlit': fallback shader 'Hidden/Universal Render Pipeline/FallbackError' not found
Initialize mono
Mono path[0] = 'C:/Program Files/Unity/Hub/Editor/6000.0.59f2-x86_64/Editor/Data/Managed'
Mono path[1] = 'C:/Program Files/Unity/Hub/Editor/6000.0.59f2-x86_64/Editor/Data/MonoBleedingEdge/lib/mono/unityjit-win32'
Mono config path = 'C:/Program Files/Unity/Hub/Editor/6000.0.59f2-x86_64/Editor/Data/MonoBleedingEdge/etc'
Using monoOptions --debugger-agent=transport=dt_socket,embedding=1,server=y,suspend=n,address=127.0.0.1:56724
Begin MonoManager ReloadAssembly
Registering precompiled unity dll's ...
Register platform support module: C:/Program Files/Unity/Hub/Editor/6000.0.59f2-x86_64/Editor/Data/PlaybackEngines/WindowsStandaloneSupport/UnityEditor.WindowsStandalone.Extensions.dll
Registered in 0.001502 seconds.
- Loaded All Assemblies, in  0.271 seconds
Native extension for WindowsStandalone target not found
Mono: successfully reloaded assembly
- Finished resetting the current domain, in  0.271 seconds
Domain Reload Profiling: 541ms
	BeginReloadAssembly (77ms)
		ExecutionOrderSort (0ms)
		DisableScriptedObjects (0ms)
		BackupInstance (0ms)
		ReleaseScriptingObjects (0ms)
		CreateAndSetChildDomain (1ms)
	RebuildCommonClasses (29ms)
	RebuildNativeTypeToScriptingClass (8ms)
	initialDomainReloadingComplete (33ms)
	LoadAllAssembliesAndSetupDomain (122ms)
		LoadAssemblies (75ms)
		RebuildTransferFunctionScriptingTraits (0ms)
		AnalyzeDomain (119ms)
			TypeCache.Refresh (118ms)
				TypeCache.ScanAssembly (107ms)
			BuildScriptInfoCaches (0ms)
			ResolveRequiredComponents (0ms)
	FinalizeReload (271ms)
		ReleaseScriptCaches (0ms)
		RebuildScriptCaches (0ms)
		SetupLoadedEditorAssemblies (237ms)
			LogAssemblyErrors (0ms)
			InitializePlatformSupportModulesInManaged (17ms)
			SetLoadedEditorAssemblies (4ms)
			BeforeProcessingInitializeOnLoad (53ms)
			ProcessInitializeOnLoadAttributes (125ms)
			ProcessInitializeOnLoadMethodAttributes (38ms)
			AfterProcessingInitializeOnLoad (0ms)
			EditorAssembliesLoaded (0ms)
		ExecutionOrderSort2 (0ms)
		AwakeInstancesAfterBackupRestoration (0ms)
========================================================================
Worker process is ready to serve import requests
Import Worker Mode flag is 0x00
Begin MonoManager ReloadAssembly
- Loaded All Assemblies, in  0.807 seconds
Refreshing native plugins compatible for Editor in 1.43 ms, found 4 plugins.
Shader 'Universal Render Pipeline/Terrain/Lit': fallback shader 'Hidden/Universal Render Pipeline/FallbackError' not found
Shader 'Universal Render Pipeline/Terrain/Lit': dependency 'AddPassShader' shader 'Hidden/Universal Render Pipeline/Terrain/Lit (Add Pass)' not found
Shader 'Universal Render Pipeline/Terrain/Lit': dependency 'BaseMapShader' shader 'Hidden/Universal Render Pipeline/Terrain/Lit (Base Pass)' not found
Shader 'Universal Render Pipeline/Terrain/Lit': dependency 'BaseMapGenShader' shader 'Hidden/Universal Render Pipeline/Terrain/Lit (Basemap Gen)' not found
Native extension for WindowsStandalone target not found
Refreshing native plugins compatible for Editor in 1.64 ms, found 4 plugins.
Package Manager log level set to [2]
[Package Manager] Failed to launch server process. Reason: Unity was launched with the -noUpm command-line argument
[Package Manager] Unable to send message (not connected to server process).
[Package Manager] Cannot connect to Unity Package Manager local server
Mono: successfully reloaded assembly
- Finished resetting the current domain, in  0.860 seconds
Domain Reload Profiling: 1664ms
	BeginReloadAssembly (147ms)
		ExecutionOrderSort (0ms)
		DisableScriptedObjects (5ms)
		BackupInstance (0ms)
		ReleaseScriptingObjects (0ms)
		CreateAndSetChildDomain (31ms)
	RebuildCommonClasses (36ms)
	RebuildNativeTypeToScriptingClass (11ms)
	initialDomainReloadingComplete (37ms)
	LoadAllAssembliesAndSetupDomain (572ms)
		LoadAssemblies (355ms)
		RebuildTransferFunctionScriptingTraits (0ms)
		AnalyzeDomain (284ms)
			TypeCache.Refresh (207ms)
				TypeCache.ScanAssembly (192ms)
			BuildScriptInfoCaches (63ms)
			ResolveRequiredComponents (9ms)
	FinalizeReload (861ms)
		ReleaseScriptCaches (0ms)
		RebuildScriptCaches (0ms)
		SetupLoadedEditorAssemblies (638ms)
			LogAssemblyErrors (0ms)
			InitializePlatformSupportModulesInManaged (3ms)
			SetLoadedEditorAssemblies (6ms)
			BeforeProcessingInitializeOnLoad (134ms)
			ProcessInitializeOnLoadAttributes (433ms)
			ProcessInitializeOnLoadMethodAttributes (57ms)
			AfterProcessingInitializeOnLoad (5ms)
			EditorAssembliesLoaded (0ms)
		ExecutionOrderSort2 (0ms)
		AwakeInstancesAfterBackupRestoration (9ms)
WARNING: Shader Unsupported: 'Hidden/Universal Render Pipeline/Terrain/Lit (Base Pass)' - All subshaders removed
WARNING: Shader Did you use #pragma only_renderers and omit this platform?
WARNING: Shader If subshaders removal was intentional, you may have forgotten turning Fallback off?
WARNING: Shader Unsupported: 'Hidden/Universal Render Pipeline/Terrain/Lit (Base Pass)' - All subshaders removed
WARNING: Shader Did you use #pragma only_renderers and omit this platform?
WARNING: Shader If subshaders removal was intentional, you may have forgotten turning Fallback off?
Launched and connected shader compiler UnityShaderCompiler.exe after 0.01 seconds
Refreshing native plugins compatible for Editor in 1.29 ms, found 4 plugins.
Preloading 0 native plugins for Editor in 0.00 ms.
Unloading 14 Unused Serialized files (Serialized files now loaded: 0)
Unloading 6385 unused Assets / (3.9 MB). Loaded Objects now: 7082.
Memory consumption went from 137.8 MB to 133.9 MB.
Total: 7.818500 ms (FindLiveObjects: 0.988200 ms CreateObjectMapping: 0.824900 ms MarkObjects: 4.248000 ms  DeleteObjects: 1.755900 ms)

========================================================================
Received Import Request.
  Time since last request: 9109.287249 seconds.
  path: Assets/BTM_Assets/BTM_Items_Gems/Prefabs/GoldBar.prefab
  artifactKey: Guid(744d1ae3c9575e3499e29a4b6f9f41c7) Importer(815301076,1909f56bfc062723c751e8b465ee728b)
Start importing Assets/BTM_Assets/BTM_Items_Gems/Prefabs/GoldBar.prefab using Guid(744d1ae3c9575e3499e29a4b6f9f41c7) Importer(815301076,1909f56bfc062723c751e8b465ee728b) (PreviewImporter) -> (artifact id: '052f8ea0d06b34cb3f000bf5a2ce4dda') in 3.5747602 seconds
Number of updated asset objects reloaded before import = 0Number of asset objects unloaded after import = 16

========================================================================
Received Import Request.
  Time since last request: 0.000040 seconds.
  path: Assets/Versatile Studio Assets/Demo City By Versatile Studio/Prefabs/building_lamp_pink.prefab
  artifactKey: Guid(93b05a0f824ba8748ac94e3c3ed9332e) Importer(815301076,1909f56bfc062723c751e8b465ee728b)
Start importing Assets/Versatile Studio Assets/Demo City By Versatile Studio/Prefabs/building_lamp_pink.prefab using Guid(93b05a0f824ba8748ac94e3c3ed9332e) Importer(815301076,1909f56bfc062723c751e8b465ee728b) (PreviewImporter) -> (artifact id: '3fc959f1b7e001ab52bd17d1f9dedfe8') in 2.7722857 seconds
Number of updated asset objects reloaded before import = 0Number of asset objects unloaded after import = 15

========================================================================
Received Import Request.
  Time since last request: 0.000046 seconds.
  path: Assets/BTM_Assets/BTM_Items_Gems/Prefabs/GreenPotion.prefab
  artifactKey: Guid(a610c52de611e244dbe9b6a800cf193b) Importer(815301076,1909f56bfc062723c751e8b465ee728b)
Start importing Assets/BTM_Assets/BTM_Items_Gems/Prefabs/GreenPotion.prefab using Guid(a610c52de611e244dbe9b6a800cf193b) Importer(815301076,1909f56bfc062723c751e8b465ee728b) (PreviewImporter) -> (artifact id: '86cceae85d8d18303268d2383293f79e') in 2.0462604 seconds
Number of updated asset objects reloaded before import = 0Number of asset objects unloaded after import = 18

========================================================================
Received Import Request.
  Time since last request: 0.000033 seconds.
  path: Assets/BTM_Assets/BTM_Items_Gems/Prefabs/Key.prefab
  artifactKey: Guid(e360d8d16d87ca544b56a603ea831f2f) Importer(815301076,1909f56bfc062723c751e8b465ee728b)
Start importing Assets/BTM_Assets/BTM_Items_Gems/Prefabs/Key.prefab using Guid(e360d8d16d87ca544b56a603ea831f2f) Importer(815301076,1909f56bfc062723c751e8b465ee728b) (PreviewImporter) -> (artifact id: '891ff7d4161fe9c57fc02538df820611') in 0.0290723 seconds
Number of updated asset objects reloaded before import = 0Number of asset objects unloaded after import = 18

========================================================================
Received Import Request.
  Time since last request: 0.000039 seconds.
  path: Assets/Versatile Studio Assets/Demo City By Versatile Studio/Prefabs/factory_chimney-stalk.prefab
  artifactKey: Guid(ff40f4bb80a592a449bd5dc020a38fc0) Importer(815301076,1909f56bfc062723c751e8b465ee728b)
Start importing Assets/Versatile Studio Assets/Demo City By Versatile Studio/Prefabs/factory_chimney-stalk.prefab using Guid(ff40f4bb80a592a449bd5dc020a38fc0) Importer(815301076,1909f56bfc062723c751e8b465ee728b) (PreviewImporter) -> (artifact id: '79ffc08498b4a8d321dfcc225170b821') in 0.0236227 seconds
Number of updated asset objects reloaded before import = 0Number of asset objects unloaded after import = 11

========================================================================
Received Import Request.
  Time since last request: 0.000033 seconds.
  path: Assets/BTM_Assets/BTM_Items_Gems/Prefabs/Clock.prefab
  artifactKey: Guid(d2275fc619142e94583cd06b9f01e784) Importer(815301076,1909f56bfc062723c751e8b465ee728b)
Start importing Assets/BTM_Assets/BTM_Items_Gems/Prefabs/Clock.prefab using Guid(d2275fc619142e94583cd06b9f01e784) Importer(815301076,1909f56bfc062723c751e8b465ee728b) (PreviewImporter) -> (artifact id: '29c5d070ddd92e6d59af081d18edaa42') in 0.0224076 seconds
Number of updated asset objects reloaded before import = 0Number of asset objects unloaded after import = 18

========================================================================
Received Import Request.
  Time since last request: 0.000028 seconds.
  path: Packages/com.unity.render-pipelines.core/Runtime/Debugging/Prefabs/Widgets/DebugUIValuePersistent.prefab
  artifactKey: Guid(8778e6b26b51c6a4999b94d7cacd8b5d) Importer(815301076,1909f56bfc062723c751e8b465ee728b)
Start importing Packages/com.unity.render-pipelines.core/Runtime/Debugging/Prefabs/Widgets/DebugUIValuePersistent.prefab using Guid(8778e6b26b51c6a4999b94d7cacd8b5d) Importer(815301076,1909f56bfc062723c751e8b465ee728b) (PreviewImporter) -> (artifact id: '352c2be32b1a98a706d8133975c58b93') in 0.0091186 seconds
Number of updated asset objects reloaded before import = 0Number of asset objects unloaded after import = 15

========================================================================
Received Import Request.
  Time since last request: 0.000031 seconds.
  path: Assets/BTM_Assets/BTM_Items_Gems/Prefabs/Money.prefab
  artifactKey: Guid(b9d9101ad1951674e9f71efcc796dadc) Importer(815301076,1909f56bfc062723c751e8b465ee728b)
Start importing Assets/BTM_Assets/BTM_Items_Gems/Prefabs/Money.prefab using Guid(b9d9101ad1951674e9f71efcc796dadc) Importer(815301076,1909f56bfc062723c751e8b465ee728b) (PreviewImporter) -> (artifact id: 'dbce8da4a998fea113b74a0ecd8a919c') in 0.0257449 seconds
Number of updated asset objects reloaded before import = 0Number of asset objects unloaded after import = 18

========================================================================
Received Import Request.
  Time since last request: 0.000029 seconds.
  path: Assets/object/Kan/Prefab/KAN.prefab
  artifactKey: Guid(91182c8b96e8cdc439d6eee1d3dc49d6) Importer(815301076,1909f56bfc062723c751e8b465ee728b)
Start importing Assets/object/Kan/Prefab/KAN.prefab using Guid(91182c8b96e8cdc439d6eee1d3dc49d6) Importer(815301076,1909f56bfc062723c751e8b465ee728b) (PreviewImporter) -> (artifact id: 'cf2769a38303a4573272259da503e6c3') in 0.0326461 seconds
Number of updated asset objects reloaded before import = 0Number of asset objects unloaded after import = 151

========================================================================
Received Import Request.
  Time since last request: 0.000071 seconds.
  path: Packages/com.unity.render-pipelines.core/Runtime/Debugging/Prefabs/Widgets/DebugUIObjectList.prefab
  artifactKey: Guid(ad83bc56407925d44a77a5bd01cd6783) Importer(815301076,1909f56bfc062723c751e8b465ee728b)
Start importing Packages/com.unity.render-pipelines.core/Runtime/Debugging/Prefabs/Widgets/DebugUIObjectList.prefab using Guid(ad83bc56407925d44a77a5bd01cd6783) Importer(815301076,1909f56bfc062723c751e8b465ee728b) (PreviewImporter) -> (artifact id: 'd043569c1651f17c5d7dc384ceaa614c') in 0.0059577 seconds
Number of updated asset objects reloaded before import = 0Number of asset objects unloaded after import = 27

========================================================================
Received Import Request.
  Time since last request: 0.000043 seconds.
  path: Assets/BTM_Assets/BTM_Items_Gems/Prefabs/GreenPill.prefab
  artifactKey: Guid(d5e620ba8ae388440bd7e0547052ac1d) Importer(815301076,1909f56bfc062723c751e8b465ee728b)
Start importing Assets/BTM_Assets/BTM_Items_Gems/Prefabs/GreenPill.prefab using Guid(d5e620ba8ae388440bd7e0547052ac1d) Importer(815301076,1909f56bfc062723c751e8b465ee728b) (PreviewImporter) -> (artifact id: '835f9b4e738e1f1c6425c86e792d23da') in 0.0243741 seconds
Number of updated asset objects reloaded before import = 0Number of asset objects unloaded after import = 19

========================================================================
Received Import Request.
  Time since last request: 0.000036 seconds.
  path: Packages/com.unity.render-pipelines.core/Runtime/Debugging/Prefabs/Widgets/DebugUIObject.prefab
  artifactKey: Guid(a87cfaef648f17c41b568e842e068c51) Importer(815301076,1909f56bfc062723c751e8b465ee728b)
Start importing Packages/com.unity.render-pipelines.core/Runtime/Debugging/Prefabs/Widgets/DebugUIObject.prefab using Guid(a87cfaef648f17c41b568e842e068c51) Importer(815301076,1909f56bfc062723c751e8b465ee728b) (PreviewImporter) -> (artifact id: '14c1d7937bdc666e832c2da18bb7e939') in 0.0030921 seconds
Number of updated asset objects reloaded before import = 0Number of asset objects unloaded after import = 15

========================================================================
Received Import Request.
  Time since last request: 0.000042 seconds.
  path: Assets/Versatile Studio Assets/Demo City By Versatile Studio/Prefabs/factory_building_small_bgr.prefab
  artifactKey: Guid(24ad189905c64de479a8a1b241bc7294) Importer(815301076,1909f56bfc062723c751e8b465ee728b)
Start importing Assets/Versatile Studio Assets/Demo City By Versatile Studio/Prefabs/factory_building_small_bgr.prefab using Guid(24ad189905c64de479a8a1b241bc7294) Importer(815301076,1909f56bfc062723c751e8b465ee728b) (PreviewImporter) -> (artifact id: 'ffe178fbbceb846aad926fab9d758c87') in 2.8147125 seconds
Number of updated asset objects reloaded before import = 0Number of asset objects unloaded after import = 15

========================================================================
Received Import Request.
  Time since last request: 0.000047 seconds.
  path: Assets/BTM_Assets/BTM_Items_Gems/Prefabs/Cubie.prefab
  artifactKey: Guid(e1dcc1756599cdb45b9d838c33287a10) Importer(815301076,1909f56bfc062723c751e8b465ee728b)
Start importing Assets/BTM_Assets/BTM_Items_Gems/Prefabs/Cubie.prefab using Guid(e1dcc1756599cdb45b9d838c33287a10) Importer(815301076,1909f56bfc062723c751e8b465ee728b) (PreviewImporter) -> (artifact id: 'a7e9753c7ddc0a8ea3e2e585f3df7e84') in 0.0389716 seconds
Number of updated asset objects reloaded before import = 0Number of asset objects unloaded after import = 18

========================================================================
Received Import Request.
  Time since last request: 0.000041 seconds.
  path: Assets/BTM_Assets/BTM_Items_Gems/Prefabs/Diamondo.prefab
  artifactKey: Guid(5a2ef7db5b7c1db4a8adf9e71ea2e879) Importer(815301076,1909f56bfc062723c751e8b465ee728b)
Start importing Assets/BTM_Assets/BTM_Items_Gems/Prefabs/Diamondo.prefab using Guid(5a2ef7db5b7c1db4a8adf9e71ea2e879) Importer(815301076,1909f56bfc062723c751e8b465ee728b) (PreviewImporter) -> (artifact id: '14ed91a24b5a5b0facfd03cd12964faf') in 0.0222919 seconds
Number of updated asset objects reloaded before import = 0Number of asset objects unloaded after import = 18

========================================================================
Received Import Request.
  Time since last request: 0.000026 seconds.
  path: Assets/BTM_Assets/BTM_Items_Gems/Prefabs/Cuboid.prefab
  artifactKey: Guid(48e52d8d352ce0548a5574c7e827370e) Importer(815301076,1909f56bfc062723c751e8b465ee728b)
Start importing Assets/BTM_Assets/BTM_Items_Gems/Prefabs/Cuboid.prefab using Guid(48e52d8d352ce0548a5574c7e827370e) Importer(815301076,1909f56bfc062723c751e8b465ee728b) (PreviewImporter) -> (artifact id: 'e32daf219891ae6aaea44f5edab46b68') in 0.0190332 seconds
Number of updated asset objects reloaded before import = 0Number of asset objects unloaded after import = 18

========================================================================
Received Import Request.
  Time since last request: 0.000033 seconds.
  path: Packages/com.unity.render-pipelines.core/Runtime/Debugging/Prefabs/Widgets/DebugUIVector4.prefab
  artifactKey: Guid(d47f009476100f545971a81ede14c750) Importer(815301076,1909f56bfc062723c751e8b465ee728b)
Start importing Packages/com.unity.render-pipelines.core/Runtime/Debugging/Prefabs/Widgets/DebugUIVector4.prefab using Guid(d47f009476100f545971a81ede14c750) Importer(815301076,1909f56bfc062723c751e8b465ee728b) (PreviewImporter) -> (artifact id: '1a4872e100754b39e0ed53500b707a42') in 0.0094364 seconds
Number of updated asset objects reloaded before import = 0Number of asset objects unloaded after import = 78

========================================================================
Received Import Request.
  Time since last request: 0.000031 seconds.
  path: Packages/com.unity.render-pipelines.core/Runtime/Debugging/Prefabs/Widgets/DebugUIIntField.prefab
  artifactKey: Guid(ae00bb75e0cd5b04b8fe7fb4ab662629) Importer(815301076,1909f56bfc062723c751e8b465ee728b)
Start importing Packages/com.unity.render-pipelines.core/Runtime/Debugging/Prefabs/Widgets/DebugUIIntField.prefab using Guid(ae00bb75e0cd5b04b8fe7fb4ab662629) Importer(815301076,1909f56bfc062723c751e8b465ee728b) (PreviewImporter) -> (artifact id: '5212ca1da3881717f9cade00810a523e') in 0.0035204 seconds
Number of updated asset objects reloaded before import = 0Number of asset objects unloaded after import = 37

========================================================================
Received Import Request.
  Time since last request: 0.000042 seconds.
  path: Assets/object/car/Car 5.prefab
  artifactKey: Guid(ed7795f4883cb97468521311f1be4e22) Importer(815301076,1909f56bfc062723c751e8b465ee728b)
Start importing Assets/object/car/Car 5.prefab using Guid(ed7795f4883cb97468521311f1be4e22) Importer(815301076,1909f56bfc062723c751e8b465ee728b) (PreviewImporter) -> (artifact id: 'f1a236aac9419d3ea1e4f70458ff9e04') in 5.4960991 seconds
Number of updated asset objects reloaded before import = 0Number of asset objects unloaded after import = 227

========================================================================
Received Import Request.
  Time since last request: 0.000042 seconds.
  path: Assets/Versatile Studio Assets/Demo City By Versatile Studio/Prefabs/mid_house_2.prefab
  artifactKey: Guid(b0f4bfab0bbc4714d90f5a03e7be3225) Importer(815301076,1909f56bfc062723c751e8b465ee728b)
Start importing Assets/Versatile Studio Assets/Demo City By Versatile Studio/Prefabs/mid_house_2.prefab using Guid(b0f4bfab0bbc4714d90f5a03e7be3225) Importer(815301076,1909f56bfc062723c751e8b465ee728b) (PreviewImporter) -> (artifact id: 'b33b0b642b5205289026851df9847224') in 6.0285531 seconds
Number of updated asset objects reloaded before import = 0Number of asset objects unloaded after import = 27

========================================================================
Received Import Request.
  Time since last request: 81.032688 seconds.
  path: Assets/InputSystem_Actions.inputactions
  artifactKey: Guid(052faaac586de48259a63d0c4782560b) Importer(2089858483,192608db42251d675da83286b1cce702)
Start importing Assets/InputSystem_Actions.inputactions using Guid(052faaac586de48259a63d0c4782560b) Importer(2089858483,192608db42251d675da83286b1cce702) (ScriptedImporter) -> (artifact id: '016ce2abc69bcce32e8415e95cc72640') in 0.259669 seconds
Number of updated asset objects reloaded before import = 0Number of asset objects unloaded after import = 22

========================================================================
Received Import Request.
  Time since last request: 0.000022 seconds.
  path: Assets/NPC/1.Prefab/Waypoint.prefab
  artifactKey: Guid(0e9b558cf993ab340a11fd8c17256cf6) Importer(2089858483,192608db42251d675da83286b1cce702)
Start importing Assets/NPC/1.Prefab/Waypoint.prefab using Guid(0e9b558cf993ab340a11fd8c17256cf6) Importer(2089858483,192608db42251d675da83286b1cce702) (ScriptedImporter) -> (artifact id: '91e58a14d10d7ad5d20cb2cca50f7040') in 0.0275375 seconds
Number of updated asset objects reloaded before import = 0Number of asset objects unloaded after import = 5

========================================================================
Received Import Request.
  Time since last request: 0.000032 seconds.
  path: Assets/Azerilo/Car Model No.1201 Asset/Material/SeamsMat 2.mat
  artifactKey: Guid(7e00b4046bd2ca5429f90632d734feb9) Importer(2089858483,192608db42251d675da83286b1cce702)
Start importing Assets/Azerilo/Car Model No.1201 Asset/Material/SeamsMat 2.mat using Guid(7e00b4046bd2ca5429f90632d734feb9) Importer(2089858483,192608db42251d675da83286b1cce702) (ScriptedImporter) -> (artifact id: '99e41317f3369bae6d219e4fb6293069') in 0.0127511 seconds
Number of updated asset objects reloaded before import = 0Number of asset objects unloaded after import = 2

========================================================================
Received Import Request.
  Time since last request: 0.000021 seconds.
  path: Assets/TextMesh Pro/Shaders/TMP_SDF-Mobile.shader
  artifactKey: Guid(fe393ace9b354375a9cb14cdbbc28be4) Importer(2089858483,192608db42251d675da83286b1cce702)
Start importing Assets/TextMesh Pro/Shaders/TMP_SDF-Mobile.shader using Guid(fe393ace9b354375a9cb14cdbbc28be4) Importer(2089858483,192608db42251d675da83286b1cce702) (ScriptedImporter) -> (artifact id: 'e2cb2a5ec753b9861a0625fe628ad41f') in 0.0122775 seconds
Number of updated asset objects reloaded before import = 0Number of asset objects unloaded after import = 1

========================================================================
Received Import Request.
  Time since last request: 0.000016 seconds.
  path: Assets/TextMesh Pro/Shaders/TMP_SDF SSD.shader
  artifactKey: Guid(14eb328de4b8eb245bb7cea29e4ac00b) Importer(2089858483,192608db42251d675da83286b1cce702)
Start importing Assets/TextMesh Pro/Shaders/TMP_SDF SSD.shader using Guid(14eb328de4b8eb245bb7cea29e4ac00b) Importer(2089858483,192608db42251d675da83286b1cce702) (ScriptedImporter) -> (artifact id: '2b8656f4068222b187ef44e3b3b0bd86') in 0.0094296 seconds
Number of updated asset objects reloaded before import = 0Number of asset objects unloaded after import = 1

========================================================================
Received Import Request.
  Time since last request: 0.000018 seconds.
  path: Assets/NPC/1.Prefab/NPC_Boy.prefab
  artifactKey: Guid(2fe18f64735e19a4cb39926446557ffb) Importer(2089858483,192608db42251d675da83286b1cce702)
Start importing Assets/NPC/1.Prefab/NPC_Boy.prefab using Guid(2fe18f64735e19a4cb39926446557ffb) Importer(2089858483,192608db42251d675da83286b1cce702) (ScriptedImporter) -> (artifact id: '2d334a643a24df4709a2d256bc1507db') in 0.0587937 seconds
Number of updated asset objects reloaded before import = 0Number of asset objects unloaded after import = 97

========================================================================
Received Import Request.
  Time since last request: 0.000019 seconds.
  path: Assets/TextMesh Pro/Shaders/TMP_SDF-Mobile SSD.shader
  artifactKey: Guid(c8d12adcee749c344b8117cf7c7eb912) Importer(2089858483,192608db42251d675da83286b1cce702)
Start importing Assets/TextMesh Pro/Shaders/TMP_SDF-Mobile SSD.shader using Guid(c8d12adcee749c344b8117cf7c7eb912) Importer(2089858483,192608db42251d675da83286b1cce702) (ScriptedImporter) -> (artifact id: '0e7373b01a5e8e22497ddc44b5bff2db') in 0.0130457 seconds
Number of updated asset objects reloaded before import = 0Number of asset objects unloaded after import = 1

========================================================================
Received Import Request.
  Time since last request: 0.000021 seconds.
  path: Assets/TextMesh Pro/Resources/LineBreaking Following Characters.txt
  artifactKey: Guid(fade42e8bc714b018fac513c043d323b) Importer(2089858483,192608db42251d675da83286b1cce702)
Start importing Assets/TextMesh Pro/Resources/LineBreaking Following Characters.txt using Guid(fade42e8bc714b018fac513c043d323b) Importer(2089858483,192608db42251d675da83286b1cce702) (ScriptedImporter) -> (artifact id: '74211fc8d39bace021842a28152e134f') in 0.0086027 seconds
Number of updated asset objects reloaded before import = 0Number of asset objects unloaded after import = 1

========================================================================
Received Import Request.
  Time since last request: 0.000030 seconds.
  path: Assets/Settings/PC_RPAsset.asset
  artifactKey: Guid(4b83569d67af61e458304325a23e5dfd) Importer(2089858483,192608db42251d675da83286b1cce702)
Start importing Assets/Settings/PC_RPAsset.asset using Guid(4b83569d67af61e458304325a23e5dfd) Importer(2089858483,192608db42251d675da83286b1cce702) (ScriptedImporter) -> (artifact id: 'd2d567636fe98c7004ce30ae5e89e34d') in 0.0309551 seconds
Number of updated asset objects reloaded before import = 0Number of asset objects unloaded after import = 1

========================================================================
Received Import Request.
  Time since last request: 0.000028 seconds.
  path: Assets/Azerilo/Car Model No.1201 Asset/Material/ChromeMat.mat
  artifactKey: Guid(15d32a72a02c48a4d98fedc5920b1e0d) Importer(2089858483,192608db42251d675da83286b1cce702)
Start importing Assets/Azerilo/Car Model No.1201 Asset/Material/ChromeMat.mat using Guid(15d32a72a02c48a4d98fedc5920b1e0d) Importer(2089858483,192608db42251d675da83286b1cce702) (ScriptedImporter) -> (artifact id: 'cda3fce3cf27965485ae46447c569f5d') in 0.011516 seconds
Number of updated asset objects reloaded before import = 0Number of asset objects unloaded after import = 2

========================================================================
Received Import Request.
  Time since last request: 0.000020 seconds.
  path: Assets/object/Title/kanimage (1).png
  artifactKey: Guid(6e894f2d082492e47ba50806d178acc2) Importer(2089858483,192608db42251d675da83286b1cce702)
Start importing Assets/object/Title/kanimage (1).png using Guid(6e894f2d082492e47ba50806d178acc2) Importer(2089858483,192608db42251d675da83286b1cce702) (ScriptedImporter) -> (artifact id: 'fa69259de951789c216b24176fd969aa') in 0.0397319 seconds
Number of updated asset objects reloaded before import = 0Number of asset objects unloaded after import = 3

========================================================================
Received Import Request.
  Time since last request: 0.000019 seconds.
  path: Assets/TextMesh Pro/Shaders/TMP_Bitmap-Mobile.shader
  artifactKey: Guid(1e3b057af24249748ff873be7fafee47) Importer(2089858483,192608db42251d675da83286b1cce702)
Start importing Assets/TextMesh Pro/Shaders/TMP_Bitmap-Mobile.shader using Guid(1e3b057af24249748ff873be7fafee47) Importer(2089858483,192608db42251d675da83286b1cce702) (ScriptedImporter) -> (artifact id: '1d0c63bf5c6b9d8b7019efa46d39799d') in 0.0099656 seconds
Number of updated asset objects reloaded before import = 0Number of asset objects unloaded after import = 1

========================================================================
Received Import Request.
  Time since last request: 0.000093 seconds.
  path: Assets/BTM_Assets/BTM_Items_Gems/Materials/BaseMaterial_Red.mat
  artifactKey: Guid(54c8451b55ffecb48864cfb6ba684d60) Importer(2089858483,192608db42251d675da83286b1cce702)
Start importing Assets/BTM_Assets/BTM_Items_Gems/Materials/BaseMaterial_Red.mat using Guid(54c8451b55ffecb48864cfb6ba684d60) Importer(2089858483,192608db42251d675da83286b1cce702) (ScriptedImporter) -> (artifact id: 'e00472bf0280805bdb45f5c8a2f7dfc4') in 0.0120811 seconds
Number of updated asset objects reloaded before import = 0Number of asset objects unloaded after import = 2

========================================================================
Received Import Request.
  Time since last request: 0.000021 seconds.
  path: Assets/object/coin/Coin.prefab
  artifactKey: Guid(0ef11c7543405a0438670644814822fc) Importer(2089858483,192608db42251d675da83286b1cce702)
Start importing Assets/object/coin/Coin.prefab using Guid(0ef11c7543405a0438670644814822fc) Importer(2089858483,192608db42251d675da83286b1cce702) (ScriptedImporter) -> (artifact id: '433798df6b9260f6052610226bf919c4') in 0.0294747 seconds
Number of updated asset objects reloaded before import = 0Number of asset objects unloaded after import = 16

========================================================================
Received Import Request.
  Time since last request: 0.000026 seconds.
  path: Assets/TextMesh Pro/Shaders/TMP_SDF-URP Lit.shadergraph
  artifactKey: Guid(a3d800b099a06e0478fb790c5e79057a) Importer(2089858483,192608db42251d675da83286b1cce702)
Start importing Assets/TextMesh Pro/Shaders/TMP_SDF-URP Lit.shadergraph using Guid(a3d800b099a06e0478fb790c5e79057a) Importer(2089858483,192608db42251d675da83286b1cce702) (ScriptedImporter) -> (artifact id: 'ef3017e58efafeb2f8d8e5f4eeca1f1f') in 0.159952 seconds
Number of updated asset objects reloaded before import = 0Number of asset objects unloaded after import = 4

========================================================================
Received Import Request.
  Time since last request: 0.000018 seconds.
  path: Assets/BTM_Assets/BTM_Items_Gems/Models/GoldPile.fbx
  artifactKey: Guid(3661d9bc416d1ca43ba806c4fd419615) Importer(2089858483,192608db42251d675da83286b1cce702)
Start importing Assets/BTM_Assets/BTM_Items_Gems/Models/GoldPile.fbx using Guid(3661d9bc416d1ca43ba806c4fd419615) Importer(2089858483,192608db42251d675da83286b1cce702) (ScriptedImporter) -> (artifact id: 'b1ab31e1ad089cce74c69c00b3c23916') in 0.0214744 seconds
Number of updated asset objects reloaded before import = 0Number of asset objects unloaded after import = 9

========================================================================
Received Import Request.
  Time since last request: 0.000034 seconds.
  path: Assets/BTM_Assets/BTM_Items_Gems/Models/Hexagon.fbx
  artifactKey: Guid(31e9d37a08f6c8a43856c4d77449588c) Importer(2089858483,192608db42251d675da83286b1cce702)
Start importing Assets/BTM_Assets/BTM_Items_Gems/Models/Hexagon.fbx using Guid(31e9d37a08f6c8a43856c4d77449588c) Importer(2089858483,192608db42251d675da83286b1cce702) (ScriptedImporter) -> (artifact id: '943c2ecb7ebe0ece829121ec93032b7c') in 0.0161932 seconds
Number of updated asset objects reloaded before import = 0Number of asset objects unloaded after import = 9

========================================================================
Received Import Request.
  Time since last request: 0.000024 seconds.
  path: Assets/BTM_Assets/BTM_Items_Gems/Models/CubieB.fbx
  artifactKey: Guid(7148248965433f946aecfed295757f20) Importer(2089858483,192608db42251d675da83286b1cce702)
Start importing Assets/BTM_Assets/BTM_Items_Gems/Models/CubieB.fbx using Guid(7148248965433f946aecfed295757f20) Importer(2089858483,192608db42251d675da83286b1cce702) (ScriptedImporter) -> (artifact id: '0f5ae07d0511cbc0451ddb90e572e90d') in 0.0172104 seconds
Number of updated asset objects reloaded before import = 0Number of asset objects unloaded after import = 9

========================================================================
Received Import Request.
  Time since last request: 0.000017 seconds.
  path: Assets/BTM_Assets/BTM_Items_Gems/Models/HeartGem.fbx
  artifactKey: Guid(8975fa6f14038f640a09d7c1f619c1e5) Importer(2089858483,192608db42251d675da83286b1cce702)
Start importing Assets/BTM_Assets/BTM_Items_Gems/Models/HeartGem.fbx using Guid(8975fa6f14038f640a09d7c1f619c1e5) Importer(2089858483,192608db42251d675da83286b1cce702) (ScriptedImporter) -> (artifact id: '981616e751f327a4911d47055c679baf') in 0.0159479 seconds
Number of updated asset objects reloaded before import = 0Number of asset objects unloaded after import = 9

========================================================================
Received Import Request.
  Time since last request: 0.000018 seconds.
  path: Assets/BTM_Assets/BTM_Items_Gems/Documentation - ReadMe.pdf
  artifactKey: Guid(d113e549a6abd77448a31c8f3889c62b) Importer(2089858483,192608db42251d675da83286b1cce702)
Start importing Assets/BTM_Assets/BTM_Items_Gems/Documentation - ReadMe.pdf using Guid(d113e549a6abd77448a31c8f3889c62b) Importer(2089858483,192608db42251d675da83286b1cce702) (ScriptedImporter) -> (artifact id: '46f583079dd4d664a4a927490491925b') in 0.0091524 seconds
Number of updated asset objects reloaded before import = 0Number of asset objects unloaded after import = 1

========================================================================
Received Import Request.
  Time since last request: 0.000021 seconds.
  path: Assets/TextMesh Pro/Shaders/TMP_SDF-Surface.shader
  artifactKey: Guid(f7ada0af4f174f0694ca6a487b8f543d) Importer(2089858483,192608db42251d675da83286b1cce702)
Start importing Assets/TextMesh Pro/Shaders/TMP_SDF-Surface.shader using Guid(f7ada0af4f174f0694ca6a487b8f543d) Importer(2089858483,192608db42251d675da83286b1cce702) (ScriptedImporter) -> (artifact id: '851db2b58446c237ba739fcb0259a43c') in 0.0130624 seconds
Number of updated asset objects reloaded before import = 0Number of asset objects unloaded after import = 1

========================================================================
Received Import Request.
  Time since last request: 0.000023 seconds.
  path: Assets/BTM_Assets/BTM_Items_Gems/Models/BluePill.fbx
  artifactKey: Guid(0ceaecaf1d3fb224bb08f0159137bee7) Importer(2089858483,192608db42251d675da83286b1cce702)
Start importing Assets/BTM_Assets/BTM_Items_Gems/Models/BluePill.fbx using Guid(0ceaecaf1d3fb224bb08f0159137bee7) Importer(2089858483,192608db42251d675da83286b1cce702) (ScriptedImporter) -> (artifact id: 'b206735302c0033fb863df4fd140a012') in 0.0197939 seconds
Number of updated asset objects reloaded before import = 0Number of asset objects unloaded after import = 9

========================================================================
Received Import Request.
  Time since last request: 0.000018 seconds.
  path: Assets/TextMesh Pro/Fonts/LiberationSans - OFL.txt
  artifactKey: Guid(6e59c59b81ab47f9b6ec5781fa725d2c) Importer(2089858483,192608db42251d675da83286b1cce702)
Start importing Assets/TextMesh Pro/Fonts/LiberationSans - OFL.txt using Guid(6e59c59b81ab47f9b6ec5781fa725d2c) Importer(2089858483,192608db42251d675da83286b1cce702) (ScriptedImporter) -> (artifact id: '7b2658b875ff63a08712c1c1a5b7f59c') in 0.0105693 seconds
Number of updated asset objects reloaded before import = 0Number of asset objects unloaded after import = 1

========================================================================
Received Import Request.
  Time since last request: 0.000026 seconds.
  path: Assets/Azerilo/Car Model No.1201 Asset/Material/BodyMat 2.mat
  artifactKey: Guid(bff761b7e096ac849bedb4d802539ce6) Importer(2089858483,192608db42251d675da83286b1cce702)
Start importing Assets/Azerilo/Car Model No.1201 Asset/Material/BodyMat 2.mat using Guid(bff761b7e096ac849bedb4d802539ce6) Importer(2089858483,192608db42251d675da83286b1cce702) (ScriptedImporter) -> (artifact id: '65be684feaf071af40c0ae1a1df98dcc') in 0.0127027 seconds
Number of updated asset objects reloaded before import = 0Number of asset objects unloaded after import = 2

========================================================================
Received Import Request.
  Time since last request: 0.000028 seconds.
  path: Assets/Settings/DefaultVolumeProfile.asset
  artifactKey: Guid(ab09877e2e707104187f6f83e2f62510) Importer(2089858483,192608db42251d675da83286b1cce702)
Start importing Assets/Settings/DefaultVolumeProfile.asset using Guid(ab09877e2e707104187f6f83e2f62510) Importer(2089858483,192608db42251d675da83286b1cce702) (ScriptedImporter) -> (artifact id: '7c5121b11e665f2bf2cf4152952861a0') in 0.0108587 seconds
Number of updated asset objects reloaded before import = 0Number of asset objects unloaded after import = 0

========================================================================
Received Import Request.
  Time since last request: 0.000022 seconds.
  path: Assets/image/21761.png
  artifactKey: Guid(8356dbf3556cc8b488090bc45c92d615) Importer(2089858483,192608db42251d675da83286b1cce702)
Start importing Assets/image/21761.png using Guid(8356dbf3556cc8b488090bc45c92d615) Importer(2089858483,192608db42251d675da83286b1cce702) (ScriptedImporter) -> (artifact id: 'd58f5da6f8bfe28b76bb40a9cd83990b') in 0.0153141 seconds
Number of updated asset objects reloaded before import = 0Number of asset objects unloaded after import = 3

========================================================================
Received Import Request.
  Time since last request: 0.000018 seconds.
  path: Assets/Azerilo/Car Model No.1201 Asset/Material/GlassMat.mat
  artifactKey: Guid(4508f79323bc84441835545a4f70ffa4) Importer(2089858483,192608db42251d675da83286b1cce702)
Start importing Assets/Azerilo/Car Model No.1201 Asset/Material/GlassMat.mat using Guid(4508f79323bc84441835545a4f70ffa4) Importer(2089858483,192608db42251d675da83286b1cce702) (ScriptedImporter) -> (artifact id: '8eda15b619994fcf37343305cd40a9bb') in 0.0115906 seconds
Number of updated asset objects reloaded before import = 0Number of asset objects unloaded after import = 2

========================================================================
Received Import Request.
  Time since last request: 0.000018 seconds.
  path: Assets/Settings/UniversalRenderPipelineGlobalSettings.asset
  artifactKey: Guid(18dc0cd2c080841dea60987a38ce93fa) Importer(2089858483,192608db42251d675da83286b1cce702)
Start importing Assets/Settings/UniversalRenderPipelineGlobalSettings.asset using Guid(18dc0cd2c080841dea60987a38ce93fa) Importer(2089858483,192608db42251d675da83286b1cce702) (ScriptedImporter) -> (artifact id: '240b5eac458ef06f0dc9cf7403edb155') in 0.0585639 seconds
Number of updated asset objects reloaded before import = 0Number of asset objects unloaded after import = 0

========================================================================
Received Import Request.
  Time since last request: 0.000019 seconds.
  path: Assets/BTM_Assets/BTM_Items_Gems/Models/Money.fbx
  artifactKey: Guid(01ee5422ad585ae4388dbfcac584f133) Importer(2089858483,192608db42251d675da83286b1cce702)
Start importing Assets/BTM_Assets/BTM_Items_Gems/Models/Money.fbx using Guid(01ee5422ad585ae4388dbfcac584f133) Importer(2089858483,192608db42251d675da83286b1cce702) (ScriptedImporter) -> (artifact id: '43d6c5644b691f22ffe7216b0423b653') in 0.0164273 seconds
Number of updated asset objects reloaded before import = 0Number of asset objects unloaded after import = 9

========================================================================
Received Import Request.
  Time since last request: 0.000027 seconds.
  path: Assets/BTM_Assets/BTM_Items_Gems/Models/Shield.fbx
  artifactKey: Guid(e9820a790af8497409d7cab84e2403b4) Importer(2089858483,192608db42251d675da83286b1cce702)
Start importing Assets/BTM_Assets/BTM_Items_Gems/Models/Shield.fbx using Guid(e9820a790af8497409d7cab84e2403b4) Importer(2089858483,192608db42251d675da83286b1cce702) (ScriptedImporter) -> (artifact id: '6b04c1866ef2a9f622629bb9e247b0c9') in 0.0181355 seconds
Number of updated asset objects reloaded before import = 0Number of asset objects unloaded after import = 9

========================================================================
Received Import Request.
  Time since last request: 0.000046 seconds.
  path: Assets/BTM_Assets/BTM_Items_Gems/Models/Penta.fbx
  artifactKey: Guid(6c8f3faefe517b04a8a459b2e554a758) Importer(2089858483,192608db42251d675da83286b1cce702)
Start importing Assets/BTM_Assets/BTM_Items_Gems/Models/Penta.fbx using Guid(6c8f3faefe517b04a8a459b2e554a758) Importer(2089858483,192608db42251d675da83286b1cce702) (ScriptedImporter) -> (artifact id: 'bf417f102da7e41ea1e3203de19c9523') in 0.0217525 seconds
Number of updated asset objects reloaded before import = 0Number of asset objects unloaded after import = 9

========================================================================
Received Import Request.
  Time since last request: 0.000021 seconds.
  path: Assets/BTM_Assets/BTM_Items_Gems/Models/Ruby2.fbx
  artifactKey: Guid(01cea9c04d1450f4297a33380cf7f2ed) Importer(2089858483,192608db42251d675da83286b1cce702)
Start importing Assets/BTM_Assets/BTM_Items_Gems/Models/Ruby2.fbx using Guid(01cea9c04d1450f4297a33380cf7f2ed) Importer(2089858483,192608db42251d675da83286b1cce702) (ScriptedImporter) -> (artifact id: 'bc2005d12cba608ae32fc6c459a96c2b') in 0.016133 seconds
Number of updated asset objects reloaded before import = 0Number of asset objects unloaded after import = 9

========================================================================
Received Import Request.
  Time since last request: 0.000020 seconds.
  path: Assets/BTM_Assets/BTM_Items_Gems/Models/SphereGem2.fbx
  artifactKey: Guid(cf22ac9b16eab2b4c8cbccf3b8eddfc4) Importer(2089858483,192608db42251d675da83286b1cce702)
Start importing Assets/BTM_Assets/BTM_Items_Gems/Models/SphereGem2.fbx using Guid(cf22ac9b16eab2b4c8cbccf3b8eddfc4) Importer(2089858483,192608db42251d675da83286b1cce702) (ScriptedImporter) -> (artifact id: '9de8c1b4ecabb8191f2452a5ca1b5a77') in 0.0164047 seconds
Number of updated asset objects reloaded before import = 0Number of asset objects unloaded after import = 9

========================================================================
Received Import Request.
  Time since last request: 0.000024 seconds.
  path: Assets/BTM_Assets/BTM_Items_Gems/Models/SphereGem3.fbx
  artifactKey: Guid(86547782c0ca55f4098b1185db372acc) Importer(2089858483,192608db42251d675da83286b1cce702)
Start importing Assets/BTM_Assets/BTM_Items_Gems/Models/SphereGem3.fbx using Guid(86547782c0ca55f4098b1185db372acc) Importer(2089858483,192608db42251d675da83286b1cce702) (ScriptedImporter) -> (artifact id: 'f3a9fb5e8c6b0874bfda04254f61dd65') in 0.0159672 seconds
Number of updated asset objects reloaded before import = 0Number of asset objects unloaded after import = 9

========================================================================
Received Import Request.
  Time since last request: 0.000023 seconds.
  path: Assets/object/Title/mojiimage (1).png
  artifactKey: Guid(76011ceb1b4ddc844a695775c9ee1e3b) Importer(2089858483,192608db42251d675da83286b1cce702)
Start importing Assets/object/Title/mojiimage (1).png using Guid(76011ceb1b4ddc844a695775c9ee1e3b) Importer(2089858483,192608db42251d675da83286b1cce702) (ScriptedImporter) -> (artifact id: 'c8ad5c234e82d91d6f2547801fa90f15') in 0.0181341 seconds
Number of updated asset objects reloaded before import = 0Number of asset objects unloaded after import = 3

========================================================================
Received Import Request.
  Time since last request: 0.000024 seconds.
  path: Assets/TextMesh Pro/Resources/LineBreaking Leading Characters.txt
  artifactKey: Guid(d82c1b31c7e74239bff1220585707d2b) Importer(2089858483,192608db42251d675da83286b1cce702)
Start importing Assets/TextMesh Pro/Resources/LineBreaking Leading Characters.txt using Guid(d82c1b31c7e74239bff1220585707d2b) Importer(2089858483,192608db42251d675da83286b1cce702) (ScriptedImporter) -> (artifact id: 'e2c875916797129452de7fd8892c3947') in 0.0090439 seconds
Number of updated asset objects reloaded before import = 0Number of asset objects unloaded after import = 1

========================================================================
Received Import Request.
  Time since last request: 0.000030 seconds.
  path: Assets/TextMesh Pro/Sprites/EmojiOne.json
  artifactKey: Guid(8f05276190cf498a8153f6cbe761d4e6) Importer(2089858483,192608db42251d675da83286b1cce702)
Start importing Assets/TextMesh Pro/Sprites/EmojiOne.json using Guid(8f05276190cf498a8153f6cbe761d4e6) Importer(2089858483,192608db42251d675da83286b1cce702) (ScriptedImporter) -> (artifact id: '1059ade4bb54a3bbf925d9968896fd3c') in 0.0093293 seconds
Number of updated asset objects reloaded before import = 0Number of asset objects unloaded after import = 1

========================================================================
Received Import Request.
  Time since last request: 0.000022 seconds.
  path: Assets/BTM_Assets/BTM_Items_Gems/Models/Bomb.fbx
  artifactKey: Guid(b69ab7dc4a09f094885bf950a65c44c3) Importer(2089858483,192608db42251d675da83286b1cce702)
Start importing Assets/BTM_Assets/BTM_Items_Gems/Models/Bomb.fbx using Guid(b69ab7dc4a09f094885bf950a65c44c3) Importer(2089858483,192608db42251d675da83286b1cce702) (ScriptedImporter) -> (artifact id: '40787c89768e14af8dd486df42b3c9f6') in 0.0157664 seconds
Number of updated asset objects reloaded before import = 0Number of asset objects unloaded after import = 9

========================================================================
Received Import Request.
  Time since last request: 0.000020 seconds.
  path: Assets/Azerilo/Car Model No.1201 Asset/Material/SeamsMat 3.mat
  artifactKey: Guid(3f47f4d644d848c4aa8dce558daa5b85) Importer(2089858483,192608db42251d675da83286b1cce702)
Start importing Assets/Azerilo/Car Model No.1201 Asset/Material/SeamsMat 3.mat using Guid(3f47f4d644d848c4aa8dce558daa5b85) Importer(2089858483,192608db42251d675da83286b1cce702) (ScriptedImporter) -> (artifact id: '9d3c64d0a2ca461752aa1599bc9a0ba8') in 0.0121868 seconds
Number of updated asset objects reloaded before import = 0Number of asset objects unloaded after import = 2

========================================================================
Received Import Request.
  Time since last request: 0.000022 seconds.
  path: Assets/BTM_Assets/BTM_Items_Gems/Prefabs/Battery 1.prefab
  artifactKey: Guid(f9f6ddb79c292b64e9e817d5835268f9) Importer(2089858483,192608db42251d675da83286b1cce702)
Start importing Assets/BTM_Assets/BTM_Items_Gems/Prefabs/Battery 1.prefab using Guid(f9f6ddb79c292b64e9e817d5835268f9) Importer(2089858483,192608db42251d675da83286b1cce702) (ScriptedImporter) -> (artifact id: '4a9a965150dc07b57251d48613702d74') in 0.0166213 seconds
Number of updated asset objects reloaded before import = 0Number of asset objects unloaded after import = 15

========================================================================
Received Import Request.
  Time since last request: 0.000021 seconds.
  path: Assets/BTM_Assets/BTM_Items_Gems/Prefabs/GreenVial.prefab
  artifactKey: Guid(66bef5fa6a4dd774284933f92028f87f) Importer(2089858483,192608db42251d675da83286b1cce702)
Start importing Assets/BTM_Assets/BTM_Items_Gems/Prefabs/GreenVial.prefab using Guid(66bef5fa6a4dd774284933f92028f87f) Importer(2089858483,192608db42251d675da83286b1cce702) (ScriptedImporter) -> (artifact id: 'd921ce05541455d89ac86804f77bd436') in 0.0185809 seconds
Number of updated asset objects reloaded before import = 0Number of asset objects unloaded after import = 15

========================================================================
Received Import Request.
  Time since last request: 0.000027 seconds.
  path: Assets/BTM_Assets/BTM_Items_Gems/Prefabs/Battery.prefab
  artifactKey: Guid(b1dcde6e675915e46beef84becea3234) Importer(2089858483,192608db42251d675da83286b1cce702)
Start importing Assets/BTM_Assets/BTM_Items_Gems/Prefabs/Battery.prefab using Guid(b1dcde6e675915e46beef84becea3234) Importer(2089858483,192608db42251d675da83286b1cce702) (ScriptedImporter) -> (artifact id: '417283aa4e49056738a9cd8c2a19dab6') in 0.0151951 seconds
Number of updated asset objects reloaded before import = 0Number of asset objects unloaded after import = 15

========================================================================
Received Import Request.
  Time since last request: 0.000033 seconds.
  path: Assets/BTM_Assets/BTM_Items_Gems/Prefabs/CubieB.prefab
  artifactKey: Guid(9b1ba9d8b6d5e2b4f8b93951cfa07f79) Importer(2089858483,192608db42251d675da83286b1cce702)
Start importing Assets/BTM_Assets/BTM_Items_Gems/Prefabs/CubieB.prefab using Guid(9b1ba9d8b6d5e2b4f8b93951cfa07f79) Importer(2089858483,192608db42251d675da83286b1cce702) (ScriptedImporter) -> (artifact id: '87450e591692482c2455afde4d381bea') in 0.0156802 seconds
Number of updated asset objects reloaded before import = 0Number of asset objects unloaded after import = 15

========================================================================
Received Import Request.
  Time since last request: 0.000020 seconds.
  path: Assets/BTM_Assets/BTM_Items_Gems/Prefabs/Clock.prefab
  artifactKey: Guid(d2275fc619142e94583cd06b9f01e784) Importer(2089858483,192608db42251d675da83286b1cce702)
Start importing Assets/BTM_Assets/BTM_Items_Gems/Prefabs/Clock.prefab using Guid(d2275fc619142e94583cd06b9f01e784) Importer(2089858483,192608db42251d675da83286b1cce702) (ScriptedImporter) -> (artifact id: 'ca0f09315dede390aed7846d6c7d6a7f') in 0.0159917 seconds
Number of updated asset objects reloaded before import = 0Number of asset objects unloaded after import = 15

========================================================================
Received Import Request.
  Time since last request: 0.000022 seconds.
  path: Assets/BTM_Assets/BTM_Items_Gems/Prefabs/GoldBar.prefab
  artifactKey: Guid(744d1ae3c9575e3499e29a4b6f9f41c7) Importer(2089858483,192608db42251d675da83286b1cce702)
Start importing Assets/BTM_Assets/BTM_Items_Gems/Prefabs/GoldBar.prefab using Guid(744d1ae3c9575e3499e29a4b6f9f41c7) Importer(2089858483,192608db42251d675da83286b1cce702) (ScriptedImporter) -> (artifact id: 'ebef1966cb6a88e0c992eeb635c572ad') in 0.0132025 seconds
Number of updated asset objects reloaded before import = 0Number of asset objects unloaded after import = 14

========================================================================
Received Import Request.
  Time since last request: 0.000016 seconds.
  path: Assets/BTM_Assets/BTM_Items_Gems/Prefabs/5SideDiamond.prefab
  artifactKey: Guid(f9368726f996fae4a9cedf84c01a2ff0) Importer(2089858483,192608db42251d675da83286b1cce702)
Start importing Assets/BTM_Assets/BTM_Items_Gems/Prefabs/5SideDiamond.prefab using Guid(f9368726f996fae4a9cedf84c01a2ff0) Importer(2089858483,192608db42251d675da83286b1cce702) (ScriptedImporter) -> (artifact id: '43cbcbc5fad0ebc646f9c10f54c4645c') in 0.0133842 seconds
Number of updated asset objects reloaded before import = 0Number of asset objects unloaded after import = 15

========================================================================
Received Import Request.
  Time since last request: 0.000024 seconds.
  path: Assets/BTM_Assets/BTM_Items_Gems/Models/SkullBones.fbx
  artifactKey: Guid(38b748d1e57621f469300f3e96dea280) Importer(2089858483,192608db42251d675da83286b1cce702)
Start importing Assets/BTM_Assets/BTM_Items_Gems/Models/SkullBones.fbx using Guid(38b748d1e57621f469300f3e96dea280) Importer(2089858483,192608db42251d675da83286b1cce702) (ScriptedImporter) -> (artifact id: '2d9702f7d651a03382625c6cccab434e') in 0.0192531 seconds
Number of updated asset objects reloaded before import = 0Number of asset objects unloaded after import = 9

========================================================================
Received Import Request.
  Time since last request: 0.000022 seconds.
  path: Assets/NPC/NPCの使い方.txt
  artifactKey: Guid(de44ec0031c7dd14788b3760a93809fa) Importer(2089858483,192608db42251d675da83286b1cce702)
Start importing Assets/NPC/NPCの使い方.txt using Guid(de44ec0031c7dd14788b3760a93809fa) Importer(2089858483,192608db42251d675da83286b1cce702) (ScriptedImporter) -> (artifact id: 'b78525c830cc0f486ddf4a5292c88b49') in 0.0104177 seconds
Number of updated asset objects reloaded before import = 0Number of asset objects unloaded after import = 1

========================================================================
Received Import Request.
  Time since last request: 0.000030 seconds.
  path: Assets/object/effect/Point1 light.prefab
  artifactKey: Guid(703f6ebf4b982664188218f04b6d08d8) Importer(2089858483,192608db42251d675da83286b1cce702)
Start importing Assets/object/effect/Point1 light.prefab using Guid(703f6ebf4b982664188218f04b6d08d8) Importer(2089858483,192608db42251d675da83286b1cce702) (ScriptedImporter) -> (artifact id: 'b212dd1d6a0c8290a16f9f17fddc5628') in 0.0553798 seconds
Number of updated asset objects reloaded before import = 0Number of asset objects unloaded after import = 6

========================================================================
Received Import Request.
  Time since last request: 0.000023 seconds.
  path: Assets/Azerilo/Car Model No.1201 Asset/Material/SeamsMat 1.mat
  artifactKey: Guid(a27a8be488cbb5d4bac448dda9339b95) Importer(2089858483,192608db42251d675da83286b1cce702)
Start importing Assets/Azerilo/Car Model No.1201 Asset/Material/SeamsMat 1.mat using Guid(a27a8be488cbb5d4bac448dda9339b95) Importer(2089858483,192608db42251d675da83286b1cce702) (ScriptedImporter) -> (artifact id: '0f29788666b73817f2534f0d3999cba2') in 0.0112 seconds
Number of updated asset objects reloaded before import = 0Number of asset objects unloaded after import = 2

========================================================================
Received Import Request.
  Time since last request: 0.000019 seconds.
  path: Assets/BTM_Assets/BTM_Items_Gems/Prefabs/SpeedChevYellow.prefab
  artifactKey: Guid(84b95e80250efd2408969492c3002afd) Importer(2089858483,192608db42251d675da83286b1cce702)
Start importing Assets/BTM_Assets/BTM_Items_Gems/Prefabs/SpeedChevYellow.prefab using Guid(84b95e80250efd2408969492c3002afd) Importer(2089858483,192608db42251d675da83286b1cce702) (ScriptedImporter) -> (artifact id: '885f5f30e7af2cd642042dde27646854') in 0.0148082 seconds
Number of updated asset objects reloaded before import = 0Number of asset objects unloaded after import = 15

========================================================================
Received Import Request.
  Time since last request: 0.000025 seconds.
  path: Assets/BTM_Assets/BTM_Items_Gems/Prefabs/RedPotion.prefab
  artifactKey: Guid(1242a88922ac6d34da67517f4c97626b) Importer(2089858483,192608db42251d675da83286b1cce702)
Start importing Assets/BTM_Assets/BTM_Items_Gems/Prefabs/RedPotion.prefab using Guid(1242a88922ac6d34da67517f4c97626b) Importer(2089858483,192608db42251d675da83286b1cce702) (ScriptedImporter) -> (artifact id: '48f720afee5c0282fc42444f487baeea') in 0.0156669 seconds
Number of updated asset objects reloaded before import = 0Number of asset objects unloaded after import = 15

========================================================================
Received Import Request.
  Time since last request: 0.000027 seconds.
  path: Assets/BTM_Assets/BTM_Items_Gems/Prefabs/SpeedChevRed.prefab
  artifactKey: Guid(996928e6bd7f53b4c922c5099f203847) Importer(2089858483,192608db42251d675da83286b1cce702)
Start importing Assets/BTM_Assets/BTM_Items_Gems/Prefabs/SpeedChevRed.prefab using Guid(996928e6bd7f53b4c922c5099f203847) Importer(2089858483,192608db42251d675da83286b1cce702) (ScriptedImporter) -> (artifact id: '656fd2f6b6c3c1f2b218cf983ffe4e05') in 0.0163157 seconds
Number of updated asset objects reloaded before import = 0Number of asset objects unloaded after import = 15

========================================================================
Received Import Request.
  Time since last request: 0.000041 seconds.
  path: Assets/BTM_Assets/BTM_Items_Gems/Prefabs/Skull.prefab
  artifactKey: Guid(5daff121de6826f4c8029fda5e22b206) Importer(2089858483,192608db42251d675da83286b1cce702)
Start importing Assets/BTM_Assets/BTM_Items_Gems/Prefabs/Skull.prefab using Guid(5daff121de6826f4c8029fda5e22b206) Importer(2089858483,192608db42251d675da83286b1cce702) (ScriptedImporter) -> (artifact id: '20b2da64ea792b800b243df9616b0545') in 0.015342 seconds
Number of updated asset objects reloaded before import = 0Number of asset objects unloaded after import = 15

========================================================================
Received Import Request.
  Time since last request: 0.000022 seconds.
  path: Assets/BTM_Assets/BTM_Items_Gems/Prefabs/RedVial.prefab
  artifactKey: Guid(8db164f48fcdae64180ebf0ce2bb5d92) Importer(2089858483,192608db42251d675da83286b1cce702)
Start importing Assets/BTM_Assets/BTM_Items_Gems/Prefabs/RedVial.prefab using Guid(8db164f48fcdae64180ebf0ce2bb5d92) Importer(2089858483,192608db42251d675da83286b1cce702) (ScriptedImporter) -> (artifact id: '0458af356a0a38b2d1138b1373138633') in 0.017715 seconds
Number of updated asset objects reloaded before import = 0Number of asset objects unloaded after import = 15

========================================================================
Received Import Request.
  Time since last request: 0.000021 seconds.
  path: Assets/BTM_Assets/BTM_Items_Gems/Prefabs/Hexagon.prefab
  artifactKey: Guid(feec2bd3b82c34243b4e7b55a9ee64b8) Importer(2089858483,192608db42251d675da83286b1cce702)
Start importing Assets/BTM_Assets/BTM_Items_Gems/Prefabs/Hexagon.prefab using Guid(feec2bd3b82c34243b4e7b55a9ee64b8) Importer(2089858483,192608db42251d675da83286b1cce702) (ScriptedImporter) -> (artifact id: '3a912117348b66e429c694d93f5eb9b3') in 0.0131511 seconds
Number of updated asset objects reloaded before import = 0Number of asset objects unloaded after import = 15

========================================================================
Received Import Request.
  Time since last request: 0.000019 seconds.
  path: Assets/BTM_Assets/BTM_Items_Gems/Prefabs/Magnet.prefab
  artifactKey: Guid(50e260f821baa56419af96b848301e5d) Importer(2089858483,192608db42251d675da83286b1cce702)
Start importing Assets/BTM_Assets/BTM_Items_Gems/Prefabs/Magnet.prefab using Guid(50e260f821baa56419af96b848301e5d) Importer(2089858483,192608db42251d675da83286b1cce702) (ScriptedImporter) -> (artifact id: '3f35576421007b1776ccd51dbbe2250a') in 0.0164619 seconds
Number of updated asset objects reloaded before import = 0Number of asset objects unloaded after import = 15

========================================================================
Received Import Request.
  Time since last request: 0.000019 seconds.
  path: Assets/BTM_Assets/BTM_Items_Gems/Materials/BaseMaterial_Green.mat
  artifactKey: Guid(295821634a833294693d2f4e873f36c7) Importer(2089858483,192608db42251d675da83286b1cce702)
Start importing Assets/BTM_Assets/BTM_Items_Gems/Materials/BaseMaterial_Green.mat using Guid(295821634a833294693d2f4e873f36c7) Importer(2089858483,192608db42251d675da83286b1cce702) (ScriptedImporter) -> (artifact id: '3bce84b047d9fa64014ff3e1c47f55b0') in 0.0135286 seconds
Number of updated asset objects reloaded before import = 0Number of asset objects unloaded after import = 2

========================================================================
Received Import Request.
  Time since last request: 0.000025 seconds.
  path: Assets/Azerilo/Car Model No.1201 Asset/Prefab/Car 5.prefab
  artifactKey: Guid(4e80e048eb1fc054eb52a049646aee28) Importer(2089858483,192608db42251d675da83286b1cce702)
Start importing Assets/Azerilo/Car Model No.1201 Asset/Prefab/Car 5.prefab using Guid(4e80e048eb1fc054eb52a049646aee28) Importer(2089858483,192608db42251d675da83286b1cce702) (ScriptedImporter) -> (artifact id: 'd9ac7db427698aa01b2bbcb58124de8a') in 0.0143002 seconds
Number of updated asset objects reloaded before import = 0Number of asset objects unloaded after import = 212

========================================================================
Received Import Request.
  Time since last request: 0.000029 seconds.
  path: Assets/BTM_Assets/BTM_Items_Gems/Materials/BaseMaterial_Yellow.mat
  artifactKey: Guid(86b9460a9415e6746990f17338b0983a) Importer(2089858483,192608db42251d675da83286b1cce702)
Start importing Assets/BTM_Assets/BTM_Items_Gems/Materials/BaseMaterial_Yellow.mat using Guid(86b9460a9415e6746990f17338b0983a) Importer(2089858483,192608db42251d675da83286b1cce702) (ScriptedImporter) -> (artifact id: '4a852e708feafbbc4606e74ab17bb2f9') in 0.0114392 seconds
Number of updated asset objects reloaded before import = 0Number of asset objects unloaded after import = 2

========================================================================
Received Import Request.
  Time since last request: 0.000020 seconds.
  path: Assets/BTM_Assets/BTM_Items_Gems/Models/DoubleDiamond.fbx
  artifactKey: Guid(1da671e46980fa245abf8907fc0bcac7) Importer(2089858483,192608db42251d675da83286b1cce702)
Start importing Assets/BTM_Assets/BTM_Items_Gems/Models/DoubleDiamond.fbx using Guid(1da671e46980fa245abf8907fc0bcac7) Importer(2089858483,192608db42251d675da83286b1cce702) (ScriptedImporter) -> (artifact id: '091a07085ed2fb328811dd606937f69d') in 0.0157202 seconds
Number of updated asset objects reloaded before import = 0Number of asset objects unloaded after import = 9

========================================================================
Received Import Request.
  Time since last request: 0.000020 seconds.
  path: Assets/TextMesh Pro/Sprites/EmojiOne.png
  artifactKey: Guid(dffef66376be4fa480fb02b19edbe903) Importer(2089858483,192608db42251d675da83286b1cce702)
Start importing Assets/TextMesh Pro/Sprites/EmojiOne.png using Guid(dffef66376be4fa480fb02b19edbe903) Importer(2089858483,192608db42251d675da83286b1cce702) (ScriptedImporter) -> (artifact id: 'a7ee7f52c57c0e2e900f227fd9bd6f43') in 0.0173301 seconds
Number of updated asset objects reloaded before import = 0Number of asset objects unloaded after import = 1

========================================================================
Received Import Request.
  Time since last request: 0.000019 seconds.
  path: Assets/TextMesh Pro/Shaders/TMP_SDF-URP Unlit.shadergraph
  artifactKey: Guid(124c112a6e8f1a54e8b0870e881b56d8) Importer(2089858483,192608db42251d675da83286b1cce702)
Start importing Assets/TextMesh Pro/Shaders/TMP_SDF-URP Unlit.shadergraph using Guid(124c112a6e8f1a54e8b0870e881b56d8) Importer(2089858483,192608db42251d675da83286b1cce702) (ScriptedImporter) -> (artifact id: '2c681721ef7a57a5f3e65ff958d5c1a2') in 0.1681849 seconds
Number of updated asset objects reloaded before import = 0Number of asset objects unloaded after import = 4

========================================================================
Received Import Request.
  Time since last request: 0.000019 seconds.
  path: Assets/NPC/2.NPC Model/6.Script/NPC Action.cs
  artifactKey: Guid(545c87c6ee5ffe24c9984c273e93a7ee) Importer(2089858483,192608db42251d675da83286b1cce702)
Start importing Assets/NPC/2.NPC Model/6.Script/NPC Action.cs using Guid(545c87c6ee5ffe24c9984c273e93a7ee) Importer(2089858483,192608db42251d675da83286b1cce702) (ScriptedImporter) -> (artifact id: '889a9ae5ece39a371a38f53379e13800') in 0.0105315 seconds
Number of updated asset objects reloaded before import = 0Number of asset objects unloaded after import = 0

========================================================================
Received Import Request.
  Time since last request: 0.000025 seconds.
  path: Assets/BTM_Assets/BTM_Items_Gems/Prefabs/Thunder.prefab
  artifactKey: Guid(59fd80584945fc7448940995b97dab30) Importer(2089858483,192608db42251d675da83286b1cce702)
Start importing Assets/BTM_Assets/BTM_Items_Gems/Prefabs/Thunder.prefab using Guid(59fd80584945fc7448940995b97dab30) Importer(2089858483,192608db42251d675da83286b1cce702) (ScriptedImporter) -> (artifact id: '4fdba483fb0adc4e7e53b7582fe1ac0f') in 0.0132242 seconds
Number of updated asset objects reloaded before import = 0Number of asset objects unloaded after import = 15

========================================================================
Received Import Request.
  Time since last request: 0.000029 seconds.
  path: Assets/BTM_Assets/BTM_Items_Gems/Models/FirstAid.fbx
  artifactKey: Guid(28f47d80bc95498439cdafc67733ef34) Importer(2089858483,192608db42251d675da83286b1cce702)
Start importing Assets/BTM_Assets/BTM_Items_Gems/Models/FirstAid.fbx using Guid(28f47d80bc95498439cdafc67733ef34) Importer(2089858483,192608db42251d675da83286b1cce702) (ScriptedImporter) -> (artifact id: '375bcc4d747ec77d77e2f2db08148f82') in 0.016157 seconds
Number of updated asset objects reloaded before import = 0Number of asset objects unloaded after import = 9

========================================================================
Received Import Request.
  Time since last request: 0.000024 seconds.
  path: Assets/BTM_Assets/BTM_Items_Gems/Models/StarCoin.fbx
  artifactKey: Guid(8596f346ea0284b41bb900ae6f4ce276) Importer(2089858483,192608db42251d675da83286b1cce702)
Start importing Assets/BTM_Assets/BTM_Items_Gems/Models/StarCoin.fbx using Guid(8596f346ea0284b41bb900ae6f4ce276) Importer(2089858483,192608db42251d675da83286b1cce702) (ScriptedImporter) -> (artifact id: '867742b8fc3650b826b314858e82809b') in 0.0171388 seconds
Number of updated asset objects reloaded before import = 0Number of asset objects unloaded after import = 9

========================================================================
Received Import Request.
  Time since last request: 0.000019 seconds.
  path: Assets/Settings/Mobile_RPAsset.asset
  artifactKey: Guid(5e6cbd92db86f4b18aec3ed561671858) Importer(2089858483,192608db42251d675da83286b1cce702)
Start importing Assets/Settings/Mobile_RPAsset.asset using Guid(5e6cbd92db86f4b18aec3ed561671858) Importer(2089858483,192608db42251d675da83286b1cce702) (ScriptedImporter) -> (artifact id: '5f1a0f3cdad7f86a34fe788d36a221ad') in 0.0282137 seconds
Number of updated asset objects reloaded before import = 0Number of asset objects unloaded after import = 2

========================================================================
Received Import Request.
  Time since last request: 0.000016 seconds.
  path: Assets/TextMesh Pro/Shaders/TMP_SDF-Mobile-2-Pass.shader
  artifactKey: Guid(0178fcb869bafef4690d177d31d17db8) Importer(2089858483,192608db42251d675da83286b1cce702)
Start importing Assets/TextMesh Pro/Shaders/TMP_SDF-Mobile-2-Pass.shader using Guid(0178fcb869bafef4690d177d31d17db8) Importer(2089858483,192608db42251d675da83286b1cce702) (ScriptedImporter) -> (artifact id: 'fc9ef89b5f86b2d76f2b1049b872cbfd') in 0.0100946 seconds
Number of updated asset objects reloaded before import = 0Number of asset objects unloaded after import = 1

========================================================================
Received Import Request.
  Time since last request: 0.000017 seconds.
  path: Assets/BTM_Assets/BTM_Items_Gems/Models/StarGem3.fbx
  artifactKey: Guid(b2a1944c844e5bf4ab9234728d4e4980) Importer(2089858483,192608db42251d675da83286b1cce702)
Start importing Assets/BTM_Assets/BTM_Items_Gems/Models/StarGem3.fbx using Guid(b2a1944c844e5bf4ab9234728d4e4980) Importer(2089858483,192608db42251d675da83286b1cce702) (ScriptedImporter) -> (artifact id: '88a2d920938e9e3c4f971f2677f05408') in 0.0189897 seconds
Number of updated asset objects reloaded before import = 0Number of asset objects unloaded after import = 9

========================================================================
Received Import Request.
  Time since last request: 0.000028 seconds.
  path: Assets/Azerilo/Car Model No.1201 Asset/Prefab/Car_NO.1201.prefab
  artifactKey: Guid(8e4300b7bafcc74418f53c67ca571e4f) Importer(2089858483,192608db42251d675da83286b1cce702)
Start importing Assets/Azerilo/Car Model No.1201 Asset/Prefab/Car_NO.1201.prefab using Guid(8e4300b7bafcc74418f53c67ca571e4f) Importer(2089858483,192608db42251d675da83286b1cce702) (ScriptedImporter) -> (artifact id: '841d0e7dc53c0345144304de5e00028c') in 0.0129422 seconds
Number of updated asset objects reloaded before import = 0Number of asset objects unloaded after import = 100

========================================================================
Received Import Request.
  Time since last request: 0.000019 seconds.
  path: Assets/Versatile Studio Assets/Demo City By Versatile Studio/Models/basement_big.fbx
  artifactKey: Guid(14a3f32c76f649d47812dbec6c810180) Importer(2089858483,192608db42251d675da83286b1cce702)
Start importing Assets/Versatile Studio Assets/Demo City By Versatile Studio/Models/basement_big.fbx using Guid(14a3f32c76f649d47812dbec6c810180) Importer(2089858483,192608db42251d675da83286b1cce702) (ScriptedImporter) -> (artifact id: '85615cc96694beb08d1f4c505bbf88e9') in 0.0165628 seconds
Number of updated asset objects reloaded before import = 0Number of asset objects unloaded after import = 9

========================================================================
Received Import Request.
  Time since last request: 0.000014 seconds.
  path: Assets/Versatile Studio Assets/Demo City By Versatile Studio/Models/mid_house_4.fbx
  artifactKey: Guid(94222793a7abe614aaf9c43aeb6f4583) Importer(2089858483,192608db42251d675da83286b1cce702)
Start importing Assets/Versatile Studio Assets/Demo City By Versatile Studio/Models/mid_house_4.fbx using Guid(94222793a7abe614aaf9c43aeb6f4583) Importer(2089858483,192608db42251d675da83286b1cce702) (ScriptedImporter) -> (artifact id: '1ffa57be2f21e133c4f6a10b744943b5') in 0.0177833 seconds
Number of updated asset objects reloaded before import = 0Number of asset objects unloaded after import = 11

========================================================================
Received Import Request.
  Time since last request: 0.000016 seconds.
  path: Assets/Versatile Studio Assets/Demo City By Versatile Studio/Materials/asphalt_2-5_tracks.mat
  artifactKey: Guid(fd9c9ee73e2d66143b28564b9e869f9a) Importer(2089858483,192608db42251d675da83286b1cce702)
Start importing Assets/Versatile Studio Assets/Demo City By Versatile Studio/Materials/asphalt_2-5_tracks.mat using Guid(fd9c9ee73e2d66143b28564b9e869f9a) Importer(2089858483,192608db42251d675da83286b1cce702) (ScriptedImporter) -> (artifact id: 'fd4caa905e6de5adb3212f74d0dd133c') in 0.0154424 seconds
Number of updated asset objects reloaded before import = 0Number of asset objects unloaded after import = 4

========================================================================
Received Import Request.
  Time since last request: 0.000014 seconds.
  path: Assets/Versatile Studio Assets/Demo City By Versatile Studio/Materials/props_main.mat
  artifactKey: Guid(bcf074209a5884843b7c5ae3c635ea8f) Importer(2089858483,192608db42251d675da83286b1cce702)
Start importing Assets/Versatile Studio Assets/Demo City By Versatile Studio/Materials/props_main.mat using Guid(bcf074209a5884843b7c5ae3c635ea8f) Importer(2089858483,192608db42251d675da83286b1cce702) (ScriptedImporter) -> (artifact id: 'ce38c49c9623675d0279aed46692b171') in 0.0108946 seconds
Number of updated asset objects reloaded before import = 0Number of asset objects unloaded after import = 3

========================================================================
Received Import Request.
  Time since last request: 0.000015 seconds.
  path: Assets/Versatile Studio Assets/Demo City By Versatile Studio/Models/office_building_2_bgr.fbx
  artifactKey: Guid(5048a1cf7d715be43bafc4d676ab5eb3) Importer(2089858483,192608db42251d675da83286b1cce702)
Start importing Assets/Versatile Studio Assets/Demo City By Versatile Studio/Models/office_building_2_bgr.fbx using Guid(5048a1cf7d715be43bafc4d676ab5eb3) Importer(2089858483,192608db42251d675da83286b1cce702) (ScriptedImporter) -> (artifact id: '23fcbe1e92c83249404f945d3df57677') in 0.0157927 seconds
Number of updated asset objects reloaded before import = 0Number of asset objects unloaded after import = 9

========================================================================
Received Import Request.
  Time since last request: 0.000017 seconds.
  path: Assets/TutorialInfo/Scripts/Editor/ReadmeEditor.cs
  artifactKey: Guid(476cc7d7cd9874016adc216baab94a0a) Importer(2089858483,192608db42251d675da83286b1cce702)
Start importing Assets/TutorialInfo/Scripts/Editor/ReadmeEditor.cs using Guid(476cc7d7cd9874016adc216baab94a0a) Importer(2089858483,192608db42251d675da83286b1cce702) (ScriptedImporter) -> (artifact id: 'afbf99263db4b61cdab4e590aada09c6') in 0.0109187 seconds
Number of updated asset objects reloaded before import = 0Number of asset objects unloaded after import = 0

========================================================================
Received Import Request.
  Time since last request: 0.000022 seconds.
  path: Assets/Versatile Studio Assets/Demo City By Versatile Studio/Models/lamp_pole_dual.fbx
  artifactKey: Guid(9ee272c29dc91dc4a94ad4d626058106) Importer(2089858483,192608db42251d675da83286b1cce702)
Start importing Assets/Versatile Studio Assets/Demo City By Versatile Studio/Models/lamp_pole_dual.fbx using Guid(9ee272c29dc91dc4a94ad4d626058106) Importer(2089858483,192608db42251d675da83286b1cce702) (ScriptedImporter) -> (artifact id: '066aa15e98aed678452430dfe7d751f0') in 0.015231 seconds
Number of updated asset objects reloaded before import = 0Number of asset objects unloaded after import = 9

========================================================================
Received Import Request.
  Time since last request: 0.000016 seconds.
  path: Assets/Versatile Studio Assets/Demo City By Versatile Studio/Materials/blue_light.mat
  artifactKey: Guid(47791ffc03ec2c64fbd077752860cd51) Importer(2089858483,192608db42251d675da83286b1cce702)
Start importing Assets/Versatile Studio Assets/Demo City By Versatile Studio/Materials/blue_light.mat using Guid(47791ffc03ec2c64fbd077752860cd51) Importer(2089858483,192608db42251d675da83286b1cce702) (ScriptedImporter) -> (artifact id: '6791dddc083a579eb13b0cd8ac228c52') in 0.0111182 seconds
Number of updated asset objects reloaded before import = 0Number of asset objects unloaded after import = 1

========================================================================
Received Import Request.
  Time since last request: 0.000018 seconds.
  path: Assets/object/Kan/script/SyakaSyaka.cs
  artifactKey: Guid(35148a6034628a245adfc46b81e6a282) Importer(2089858483,192608db42251d675da83286b1cce702)
Start importing Assets/object/Kan/script/SyakaSyaka.cs using Guid(35148a6034628a245adfc46b81e6a282) Importer(2089858483,192608db42251d675da83286b1cce702) (ScriptedImporter) -> (artifact id: '5d57376bf9dc6a92ad39e7bde8d3dfca') in 0.011832 seconds
Number of updated asset objects reloaded before import = 0Number of asset objects unloaded after import = 0

========================================================================
Received Import Request.
  Time since last request: 0.000022 seconds.
  path: Assets/Versatile Studio Assets/Demo City By Versatile Studio/Materials/asphalt_4_tracks.mat
  artifactKey: Guid(3216e81dc42407948a4889aa3c979c6a) Importer(2089858483,192608db42251d675da83286b1cce702)
Start importing Assets/Versatile Studio Assets/Demo City By Versatile Studio/Materials/asphalt_4_tracks.mat using Guid(3216e81dc42407948a4889aa3c979c6a) Importer(2089858483,192608db42251d675da83286b1cce702) (ScriptedImporter) -> (artifact id: '0f0e3ec1727807054efef179199aee4a') in 0.0162314 seconds
Number of updated asset objects reloaded before import = 0Number of asset objects unloaded after import = 4

========================================================================
Received Import Request.
  Time since last request: 0.000018 seconds.
  path: Assets/Versatile Studio Assets/Demo City By Versatile Studio/Models/basement_small.fbx
  artifactKey: Guid(a4e2ff6da4c024245b3cb43a957e260e) Importer(2089858483,192608db42251d675da83286b1cce702)
Start importing Assets/Versatile Studio Assets/Demo City By Versatile Studio/Models/basement_small.fbx using Guid(a4e2ff6da4c024245b3cb43a957e260e) Importer(2089858483,192608db42251d675da83286b1cce702) (ScriptedImporter) -> (artifact id: 'a313934efa9d1dca8ebee19b28d1792a') in 0.0136737 seconds
Number of updated asset objects reloaded before import = 0Number of asset objects unloaded after import = 9

========================================================================
Received Import Request.
  Time since last request: 0.000016 seconds.
  path: Assets/Versatile Studio Assets/Demo City By Versatile Studio/Models/basement_mid.fbx
  artifactKey: Guid(29a8981c6f21b6345a1737aa4b906a22) Importer(2089858483,192608db42251d675da83286b1cce702)
Start importing Assets/Versatile Studio Assets/Demo City By Versatile Studio/Models/basement_mid.fbx using Guid(29a8981c6f21b6345a1737aa4b906a22) Importer(2089858483,192608db42251d675da83286b1cce702) (ScriptedImporter) -> (artifact id: '4d67ecc2a61c33dc1dbaf11567d961a4') in 0.016471 seconds
Number of updated asset objects reloaded before import = 0Number of asset objects unloaded after import = 9

========================================================================
Received Import Request.
  Time since last request: 0.000020 seconds.
  path: Assets/TextMesh Pro/Shaders/TMP_SDF-Mobile Masking.shader
  artifactKey: Guid(bc1ede39bf3643ee8e493720e4259791) Importer(2089858483,192608db42251d675da83286b1cce702)
Start importing Assets/TextMesh Pro/Shaders/TMP_SDF-Mobile Masking.shader using Guid(bc1ede39bf3643ee8e493720e4259791) Importer(2089858483,192608db42251d675da83286b1cce702) (ScriptedImporter) -> (artifact id: 'a4096827982a2a235e96d9ecf8d29c70') in 0.0102772 seconds
Number of updated asset objects reloaded before import = 0Number of asset objects unloaded after import = 1

========================================================================
Received Import Request.
  Time since last request: 0.000022 seconds.
  path: Assets/Versatile Studio Assets/Demo City By Versatile Studio/Textures/asphalt_2_tracks_oc.png
  artifactKey: Guid(42c5e076ff42bd1469c4a4633491fda5) Importer(2089858483,192608db42251d675da83286b1cce702)
Start importing Assets/Versatile Studio Assets/Demo City By Versatile Studio/Textures/asphalt_2_tracks_oc.png using Guid(42c5e076ff42bd1469c4a4633491fda5) Importer(2089858483,192608db42251d675da83286b1cce702) (ScriptedImporter) -> (artifact id: 'f8c8a1701ec90397cdafb8ca4a661bff') in 0.0153787 seconds
Number of updated asset objects reloaded before import = 0Number of asset objects unloaded after import = 1

========================================================================
Received Import Request.
  Time since last request: 0.000015 seconds.
  path: Assets/Versatile Studio Assets/Demo City By Versatile Studio/Prefabs/mid_house_1_2.prefab
  artifactKey: Guid(1539a5461c562d640b97b26fbd7bf9f9) Importer(2089858483,192608db42251d675da83286b1cce702)
Start importing Assets/Versatile Studio Assets/Demo City By Versatile Studio/Prefabs/mid_house_1_2.prefab using Guid(1539a5461c562d640b97b26fbd7bf9f9) Importer(2089858483,192608db42251d675da83286b1cce702) (ScriptedImporter) -> (artifact id: '08677c9e2113cc153a263be08d4048e9') in 0.0134932 seconds
Number of updated asset objects reloaded before import = 0Number of asset objects unloaded after import = 18

========================================================================
Received Import Request.
  Time since last request: 0.000016 seconds.
  path: Assets/Versatile Studio Assets/Demo City By Versatile Studio/Prefabs/office_building_3.prefab
  artifactKey: Guid(f4b1e6a5517783e4c8bc71ebfd683604) Importer(2089858483,192608db42251d675da83286b1cce702)
Start importing Assets/Versatile Studio Assets/Demo City By Versatile Studio/Prefabs/office_building_3.prefab using Guid(f4b1e6a5517783e4c8bc71ebfd683604) Importer(2089858483,192608db42251d675da83286b1cce702) (ScriptedImporter) -> (artifact id: 'dd8c06cd49c5352b61346d88b0c86cca') in 0.0165242 seconds
Number of updated asset objects reloaded before import = 0Number of asset objects unloaded after import = 69

========================================================================
Received Import Request.
  Time since last request: 0.000020 seconds.
  path: Assets/Versatile Studio Assets/Demo City By Versatile Studio/Prefabs/mid_house_4.prefab
  artifactKey: Guid(841fda1a8336ebd45a80491910c22305) Importer(2089858483,192608db42251d675da83286b1cce702)
Start importing Assets/Versatile Studio Assets/Demo City By Versatile Studio/Prefabs/mid_house_4.prefab using Guid(841fda1a8336ebd45a80491910c22305) Importer(2089858483,192608db42251d675da83286b1cce702) (ScriptedImporter) -> (artifact id: '57ed9642d3c0a182aeef934931ee1d27') in 0.0139182 seconds
Number of updated asset objects reloaded before import = 0Number of asset objects unloaded after import = 18

========================================================================
Received Import Request.
  Time since last request: 0.000016 seconds.
  path: Assets/Versatile Studio Assets/Demo City By Versatile Studio/Prefabs/mid_house_1.prefab
  artifactKey: Guid(a2dd7ebabc38532429e0b24b1e4b2207) Importer(2089858483,192608db42251d675da83286b1cce702)
Start importing Assets/Versatile Studio Assets/Demo City By Versatile Studio/Prefabs/mid_house_1.prefab using Guid(a2dd7ebabc38532429e0b24b1e4b2207) Importer(2089858483,192608db42251d675da83286b1cce702) (ScriptedImporter) -> (artifact id: '6dae58a376801a212798a005830c1ef1') in 0.018188 seconds
Number of updated asset objects reloaded before import = 0Number of asset objects unloaded after import = 19

========================================================================
Received Import Request.
  Time since last request: 0.000016 seconds.
  path: Assets/Versatile Studio Assets/Demo City By Versatile Studio/Prefabs/factory_building_small.prefab
  artifactKey: Guid(0a984da1cd0ebf846ab2481ce6b77b3f) Importer(2089858483,192608db42251d675da83286b1cce702)
Start importing Assets/Versatile Studio Assets/Demo City By Versatile Studio/Prefabs/factory_building_small.prefab using Guid(0a984da1cd0ebf846ab2481ce6b77b3f) Importer(2089858483,192608db42251d675da83286b1cce702) (ScriptedImporter) -> (artifact id: 'd674f65c13bfbd47c30854836408e301') in 0.0137104 seconds
Number of updated asset objects reloaded before import = 0Number of asset objects unloaded after import = 19

========================================================================
Received Import Request.
  Time since last request: 0.000019 seconds.
  path: Assets/Versatile Studio Assets/Demo City By Versatile Studio/Prefabs/building_lamp_blue.prefab
  artifactKey: Guid(27bd8f785b4b73940a92ff6fcf04915d) Importer(2089858483,192608db42251d675da83286b1cce702)
Start importing Assets/Versatile Studio Assets/Demo City By Versatile Studio/Prefabs/building_lamp_blue.prefab using Guid(27bd8f785b4b73940a92ff6fcf04915d) Importer(2089858483,192608db42251d675da83286b1cce702) (ScriptedImporter) -> (artifact id: '28d100d08f28102b8d3fcce2e501559f') in 0.012682 seconds
Number of updated asset objects reloaded before import = 0Number of asset objects unloaded after import = 15

========================================================================
Received Import Request.
  Time since last request: 0.000023 seconds.
  path: Assets/Versatile Studio Assets/Demo City By Versatile Studio/Prefabs/small_house_3.prefab
  artifactKey: Guid(0392a9d92e15bdd4aa8c40dc637ec21f) Importer(2089858483,192608db42251d675da83286b1cce702)
Start importing Assets/Versatile Studio Assets/Demo City By Versatile Studio/Prefabs/small_house_3.prefab using Guid(0392a9d92e15bdd4aa8c40dc637ec21f) Importer(2089858483,192608db42251d675da83286b1cce702) (ScriptedImporter) -> (artifact id: '838462f364a9801477c2a8ad9a02c1b7') in 0.0147386 seconds
Number of updated asset objects reloaded before import = 0Number of asset objects unloaded after import = 18

========================================================================
Received Import Request.
  Time since last request: 0.000017 seconds.
  path: Assets/Versatile Studio Assets/Demo City By Versatile Studio/Prefabs/factory_building_big.prefab
  artifactKey: Guid(9bb7d850f09915e418ad6c2416757b9d) Importer(2089858483,192608db42251d675da83286b1cce702)
Start importing Assets/Versatile Studio Assets/Demo City By Versatile Studio/Prefabs/factory_building_big.prefab using Guid(9bb7d850f09915e418ad6c2416757b9d) Importer(2089858483,192608db42251d675da83286b1cce702) (ScriptedImporter) -> (artifact id: 'bd6edcec4043fc0c11638b12188f0aa2') in 0.0176643 seconds
Number of updated asset objects reloaded before import = 0Number of asset objects unloaded after import = 20

========================================================================
Received Import Request.
  Time since last request: 0.000018 seconds.
  path: Assets/Versatile Studio Assets/Demo City By Versatile Studio/Models/office_building_4.fbx
  artifactKey: Guid(8cec6e2279be0304c81454e0c6dc6b79) Importer(2089858483,192608db42251d675da83286b1cce702)
Start importing Assets/Versatile Studio Assets/Demo City By Versatile Studio/Models/office_building_4.fbx using Guid(8cec6e2279be0304c81454e0c6dc6b79) Importer(2089858483,192608db42251d675da83286b1cce702) (ScriptedImporter) -> (artifact id: '683bd9273648e6537f7f79951e5874f1') in 0.0191068 seconds
Number of updated asset objects reloaded before import = 0Number of asset objects unloaded after import = 12

========================================================================
Received Import Request.
  Time since last request: 0.000020 seconds.
  path: Assets/Versatile Studio Assets/Demo City By Versatile Studio/Prefabs/concrete_block.prefab
  artifactKey: Guid(7b26d246ced93914e80d1cdf3d152a53) Importer(2089858483,192608db42251d675da83286b1cce702)
Start importing Assets/Versatile Studio Assets/Demo City By Versatile Studio/Prefabs/concrete_block.prefab using Guid(7b26d246ced93914e80d1cdf3d152a53) Importer(2089858483,192608db42251d675da83286b1cce702) (ScriptedImporter) -> (artifact id: '70e2fefff04f45e999ee904a1a46fdda') in 0.0140413 seconds
Number of updated asset objects reloaded before import = 0Number of asset objects unloaded after import = 9

========================================================================
Received Import Request.
  Time since last request: 0.000016 seconds.
  path: Assets/BTM_Assets/BTM_Items_Gems/Models/Skull.fbx
  artifactKey: Guid(a1845977fba8a7a4aa1163544f9b72cc) Importer(2089858483,192608db42251d675da83286b1cce702)
Start importing Assets/BTM_Assets/BTM_Items_Gems/Models/Skull.fbx using Guid(a1845977fba8a7a4aa1163544f9b72cc) Importer(2089858483,192608db42251d675da83286b1cce702) (ScriptedImporter) -> (artifact id: '0d126b23f186d51396ecbddb60b99696') in 0.0154295 seconds
Number of updated asset objects reloaded before import = 0Number of asset objects unloaded after import = 9

========================================================================
Received Import Request.
  Time since last request: 0.000014 seconds.
  path: Assets/BTM_Assets/BTM_Items_Gems/Prefabs/HeartGem.prefab
  artifactKey: Guid(7c857df6f3a0c364997001a2dc84dbcf) Importer(2089858483,192608db42251d675da83286b1cce702)
Start importing Assets/BTM_Assets/BTM_Items_Gems/Prefabs/HeartGem.prefab using Guid(7c857df6f3a0c364997001a2dc84dbcf) Importer(2089858483,192608db42251d675da83286b1cce702) (ScriptedImporter) -> (artifact id: '289544b666f40a86d6f61b2c0801b05e') in 0.0124459 seconds
Number of updated asset objects reloaded before import = 0Number of asset objects unloaded after import = 15

========================================================================
Received Import Request.
  Time since last request: 0.000016 seconds.
  path: Assets/Versatile Studio Assets/Demo City By Versatile Studio/Textures/building_interior_nm.png
  artifactKey: Guid(af8b3257623c2a54cb363a294f27775d) Importer(2089858483,192608db42251d675da83286b1cce702)
Start importing Assets/Versatile Studio Assets/Demo City By Versatile Studio/Textures/building_interior_nm.png using Guid(af8b3257623c2a54cb363a294f27775d) Importer(2089858483,192608db42251d675da83286b1cce702) (ScriptedImporter) -> (artifact id: '3ad42fa0e49ceddfd062468b087ed1e9') in 0.0161074 seconds
Number of updated asset objects reloaded before import = 0Number of asset objects unloaded after import = 1

========================================================================
Received Import Request.
  Time since last request: 0.000035 seconds.
  path: Assets/Versatile Studio Assets/Demo City By Versatile Studio/Scenes/demo_city_night/ReflectionProbe-13.exr
  artifactKey: Guid(b5fa917c55b9369459843f319b04221c) Importer(2089858483,192608db42251d675da83286b1cce702)
Start importing Assets/Versatile Studio Assets/Demo City By Versatile Studio/Scenes/demo_city_night/ReflectionProbe-13.exr using Guid(b5fa917c55b9369459843f319b04221c) Importer(2089858483,192608db42251d675da83286b1cce702) (ScriptedImporter) -> (artifact id: '30e69b4b7051cdb7e910487f1ea8f122') in 0.017915 seconds
Number of updated asset objects reloaded before import = 0Number of asset objects unloaded after import = 1

========================================================================
Received Import Request.
  Time since last request: 0.000018 seconds.
  path: Assets/Versatile Studio Assets/Demo City By Versatile Studio/Textures/building_bases_nm.png
  artifactKey: Guid(6419dd05e3e13344db7c4d09e2d64caf) Importer(2089858483,192608db42251d675da83286b1cce702)
Start importing Assets/Versatile Studio Assets/Demo City By Versatile Studio/Textures/building_bases_nm.png using Guid(6419dd05e3e13344db7c4d09e2d64caf) Importer(2089858483,192608db42251d675da83286b1cce702) (ScriptedImporter) -> (artifact id: '8b8dc356c011902c446844d08a7a2006') in 0.018786 seconds
Number of updated asset objects reloaded before import = 0Number of asset objects unloaded after import = 1

========================================================================
Received Import Request.
  Time since last request: 0.000018 seconds.
  path: Assets/Versatile Studio Assets/Demo City By Versatile Studio/Textures/building_interior_oc.png
  artifactKey: Guid(a8b24c2e2fceff54cbddde236cf88460) Importer(2089858483,192608db42251d675da83286b1cce702)
Start importing Assets/Versatile Studio Assets/Demo City By Versatile Studio/Textures/building_interior_oc.png using Guid(a8b24c2e2fceff54cbddde236cf88460) Importer(2089858483,192608db42251d675da83286b1cce702) (ScriptedImporter) -> (artifact id: '17a3ae317b7d24c2b17087456b7ff2e1') in 0.0135553 seconds
Number of updated asset objects reloaded before import = 0Number of asset objects unloaded after import = 1

========================================================================
Received Import Request.
  Time since last request: 0.000017 seconds.
  path: Assets/Versatile Studio Assets/Demo City By Versatile Studio/Scenes/demo_city_night/ReflectionProbe-10.png
  artifactKey: Guid(2bc29f7b65506c44b811c30266ed8833) Importer(2089858483,192608db42251d675da83286b1cce702)
Start importing Assets/Versatile Studio Assets/Demo City By Versatile Studio/Scenes/demo_city_night/ReflectionProbe-10.png using Guid(2bc29f7b65506c44b811c30266ed8833) Importer(2089858483,192608db42251d675da83286b1cce702) (ScriptedImporter) -> (artifact id: '6aaf06eda7b6ccdc06bf1ce73dbd00eb') in 0.0143908 seconds
Number of updated asset objects reloaded before import = 0Number of asset objects unloaded after import = 1

========================================================================
Received Import Request.
  Time since last request: 0.000020 seconds.
  path: Assets/Versatile Studio Assets/Demo City By Versatile Studio/Scenes/demo_city_night/ReflectionProbe-8.png
  artifactKey: Guid(ad9a4cd607991ce44a392cd3a4de9398) Importer(2089858483,192608db42251d675da83286b1cce702)
Start importing Assets/Versatile Studio Assets/Demo City By Versatile Studio/Scenes/demo_city_night/ReflectionProbe-8.png using Guid(ad9a4cd607991ce44a392cd3a4de9398) Importer(2089858483,192608db42251d675da83286b1cce702) (ScriptedImporter) -> (artifact id: '987230c1f89a6c4b7eef9a0c8c24ca78') in 0.0140138 seconds
Number of updated asset objects reloaded before import = 0Number of asset objects unloaded after import = 1

========================================================================
Received Import Request.
  Time since last request: 0.000021 seconds.
  path: Assets/Azerilo/Car Model No.1201 Asset/Mesh/Materials/phong2.mat
  artifactKey: Guid(cf131dceb9cccb84298de5dfc8f16161) Importer(2089858483,192608db42251d675da83286b1cce702)
Start importing Assets/Azerilo/Car Model No.1201 Asset/Mesh/Materials/phong2.mat using Guid(cf131dceb9cccb84298de5dfc8f16161) Importer(2089858483,192608db42251d675da83286b1cce702) (ScriptedImporter) -> (artifact id: '5589170e9a57a43ae8e32ab4508e6b08') in 0.0119022 seconds
Number of updated asset objects reloaded before import = 0Number of asset objects unloaded after import = 1

========================================================================
Received Import Request.
  Time since last request: 0.000023 seconds.
  path: Assets/Versatile Studio Assets/Demo City By Versatile Studio/Scenes/demo_city_night/Lightmap-9_comp_light.exr
  artifactKey: Guid(5b9dc01bcc3dd784f862f0970ac13fb9) Importer(2089858483,192608db42251d675da83286b1cce702)
Start importing Assets/Versatile Studio Assets/Demo City By Versatile Studio/Scenes/demo_city_night/Lightmap-9_comp_light.exr using Guid(5b9dc01bcc3dd784f862f0970ac13fb9) Importer(2089858483,192608db42251d675da83286b1cce702) (ScriptedImporter) -> (artifact id: '8b993725eea0e969edb236e5b8f34bd0') in 0.0406575 seconds
Number of updated asset objects reloaded before import = 0Number of asset objects unloaded after import = 1

========================================================================
Received Import Request.
  Time since last request: 0.000016 seconds.
  path: Assets/Versatile Studio Assets/Demo City By Versatile Studio/Scenes/demo_city_night/ReflectionProbe-0.png
  artifactKey: Guid(750ce5a7c1326544b9c07fe8d862a90a) Importer(2089858483,192608db42251d675da83286b1cce702)
Start importing Assets/Versatile Studio Assets/Demo City By Versatile Studio/Scenes/demo_city_night/ReflectionProbe-0.png using Guid(750ce5a7c1326544b9c07fe8d862a90a) Importer(2089858483,192608db42251d675da83286b1cce702) (ScriptedImporter) -> (artifact id: '8bc893cbe24c8de76627a754071490f0') in 0.0175148 seconds
Number of updated asset objects reloaded before import = 0Number of asset objects unloaded after import = 1

========================================================================
Received Import Request.
  Time since last request: 0.000019 seconds.
  path: Assets/Versatile Studio Assets/Demo City By Versatile Studio/Models/Materials/No Name.mat
  artifactKey: Guid(6ae7e6b112c12c444a984fed3a62ba54) Importer(2089858483,192608db42251d675da83286b1cce702)
Start importing Assets/Versatile Studio Assets/Demo City By Versatile Studio/Models/Materials/No Name.mat using Guid(6ae7e6b112c12c444a984fed3a62ba54) Importer(2089858483,192608db42251d675da83286b1cce702) (ScriptedImporter) -> (artifact id: 'ef2e7e876124cd0f34fd6a32bd2390fd') in 0.0119372 seconds
Number of updated asset objects reloaded before import = 0Number of asset objects unloaded after import = 1

========================================================================
Received Import Request.
  Time since last request: 0.000020 seconds.
  path: Assets/Versatile Studio Assets/Demo City By Versatile Studio/Scenes/demo_city_night/Lightmap-8_comp_light.exr
  artifactKey: Guid(68949ce87b34cf149828599bee4090dd) Importer(2089858483,192608db42251d675da83286b1cce702)
Start importing Assets/Versatile Studio Assets/Demo City By Versatile Studio/Scenes/demo_city_night/Lightmap-8_comp_light.exr using Guid(68949ce87b34cf149828599bee4090dd) Importer(2089858483,192608db42251d675da83286b1cce702) (ScriptedImporter) -> (artifact id: '8e542a29da7be46f816a6bcf4128309d') in 0.0420338 seconds
Number of updated asset objects reloaded before import = 0Number of asset objects unloaded after import = 1

========================================================================
Received Import Request.
  Time since last request: 0.000022 seconds.
  path: Assets/Versatile Studio Assets/Demo City By Versatile Studio/Scenes/demo_city_night/ReflectionProbe-3.png
  artifactKey: Guid(d01805182f1e5994e8e48a4d24894584) Importer(2089858483,192608db42251d675da83286b1cce702)
Start importing Assets/Versatile Studio Assets/Demo City By Versatile Studio/Scenes/demo_city_night/ReflectionProbe-3.png using Guid(d01805182f1e5994e8e48a4d24894584) Importer(2089858483,192608db42251d675da83286b1cce702) (ScriptedImporter) -> (artifact id: '5d184b97ff6381fa7195806dde4a0566') in 0.0160404 seconds
Number of updated asset objects reloaded before import = 0Number of asset objects unloaded after import = 1

========================================================================
Received Import Request.
  Time since last request: 0.000036 seconds.
  path: Assets/Versatile Studio Assets/Demo City By Versatile Studio/Textures/sideway_tile.png
  artifactKey: Guid(b61169ede9142834eac1c55d8e70dc19) Importer(2089858483,192608db42251d675da83286b1cce702)
Start importing Assets/Versatile Studio Assets/Demo City By Versatile Studio/Textures/sideway_tile.png using Guid(b61169ede9142834eac1c55d8e70dc19) Importer(2089858483,192608db42251d675da83286b1cce702) (ScriptedImporter) -> (artifact id: 'f9f3f24cfcc34d208554565c268ed23b') in 0.0157348 seconds
Number of updated asset objects reloaded before import = 0Number of asset objects unloaded after import = 1

========================================================================
Received Import Request.
  Time since last request: 0.000018 seconds.
  path: Assets/NPC/1.Prefab/NPC_Female.prefab
  artifactKey: Guid(d43570e894604a449aca237083702a64) Importer(2089858483,192608db42251d675da83286b1cce702)
Start importing Assets/NPC/1.Prefab/NPC_Female.prefab using Guid(d43570e894604a449aca237083702a64) Importer(2089858483,192608db42251d675da83286b1cce702) (ScriptedImporter) -> (artifact id: 'bf30622fbfee02488dd7467b1df33512') in 0.0530738 seconds
Number of updated asset objects reloaded before import = 0Number of asset objects unloaded after import = 92

========================================================================
Received Import Request.
  Time since last request: 0.000019 seconds.
  path: Assets/TextMesh Pro/Shaders/TMPro_Surface.cginc
  artifactKey: Guid(d930090c0cd643c7b55f19a38538c162) Importer(2089858483,192608db42251d675da83286b1cce702)
Start importing Assets/TextMesh Pro/Shaders/TMPro_Surface.cginc using Guid(d930090c0cd643c7b55f19a38538c162) Importer(2089858483,192608db42251d675da83286b1cce702) (ScriptedImporter) -> (artifact id: 'b7c54223a1a05fc6b98e5c29afd70ea6') in 0.0096593 seconds
Number of updated asset objects reloaded before import = 0Number of asset objects unloaded after import = 1

========================================================================
Received Import Request.
  Time since last request: 5.420591 seconds.
  path: Assets/Versatile Studio Assets/Demo City By Versatile Studio/Models/basement_mid.fbx
  artifactKey: Guid(29a8981c6f21b6345a1737aa4b906a22) Importer(815301076,1909f56bfc062723c751e8b465ee728b)
Start importing Assets/Versatile Studio Assets/Demo City By Versatile Studio/Models/basement_mid.fbx using Guid(29a8981c6f21b6345a1737aa4b906a22) Importer(815301076,1909f56bfc062723c751e8b465ee728b) (PreviewImporter) -> (artifact id: '29db9fb611a7ea3acc98c878e14f5622') in 0.3254873 seconds
Number of updated asset objects reloaded before import = 0Number of asset objects unloaded after import = 14

========================================================================
Received Prepare
Begin MonoManager ReloadAssembly
- Loaded All Assemblies, in  0.504 seconds
Refreshing native plugins compatible for Editor in 0.87 ms, found 4 plugins.
Native extension for WindowsStandalone target not found
[Package Manager] Failed to launch server process. Reason: Unity was launched with the -noUpm command-line argument
[Package Manager] Unable to send message (not connected to server process).
[Package Manager] Cannot connect to Unity Package Manager local server
Mono: successfully reloaded assembly
- Finished resetting the current domain, in  0.529 seconds
Domain Reload Profiling: 1034ms
	BeginReloadAssembly (139ms)
		ExecutionOrderSort (0ms)
		DisableScriptedObjects (4ms)
		BackupInstance (0ms)
		ReleaseScriptingObjects (0ms)
		CreateAndSetChildDomain (50ms)
	RebuildCommonClasses (25ms)
	RebuildNativeTypeToScriptingClass (10ms)
	initialDomainReloadingComplete (20ms)
	LoadAllAssembliesAndSetupDomain (311ms)
		LoadAssemblies (226ms)
		RebuildTransferFunctionScriptingTraits (0ms)
		AnalyzeDomain (128ms)
			TypeCache.Refresh (7ms)
				TypeCache.ScanAssembly (0ms)
			BuildScriptInfoCaches (111ms)
			ResolveRequiredComponents (7ms)
	FinalizeReload (529ms)
		ReleaseScriptCaches (0ms)
		RebuildScriptCaches (0ms)
		SetupLoadedEditorAssemblies (401ms)
			LogAssemblyErrors (0ms)
			InitializePlatformSupportModulesInManaged (2ms)
			SetLoadedEditorAssemblies (4ms)
			BeforeProcessingInitializeOnLoad (102ms)
			ProcessInitializeOnLoadAttributes (257ms)
			ProcessInitializeOnLoadMethodAttributes (32ms)
			AfterProcessingInitializeOnLoad (2ms)
			EditorAssembliesLoaded (0ms)
		ExecutionOrderSort2 (0ms)
		AwakeInstancesAfterBackupRestoration (10ms)
Refreshing native plugins compatible for Editor in 0.95 ms, found 4 plugins.
Preloading 0 native plugins for Editor in 0.00 ms.
Unloading 15 Unused Serialized files (Serialized files now loaded: 0)
Unloading 6386 unused Assets / (3.5 MB). Loaded Objects now: 7157.
Memory consumption went from 165.7 MB to 162.2 MB.
Total: 6.315200 ms (FindLiveObjects: 0.517800 ms CreateObjectMapping: 0.232300 ms MarkObjects: 4.197600 ms  DeleteObjects: 1.366600 ms)

Prepare: number of updated asset objects reloaded= 0
========================================================================
Received Import Request.
  Time since last request: 40.635845 seconds.
  path: Assets/object/effect/Point3 light.prefab
  artifactKey: Guid(7959140646dbb3145b92926f53ab0e8c) Importer(815301076,1909f56bfc062723c751e8b465ee728b)
Start importing Assets/object/effect/Point3 light.prefab using Guid(7959140646dbb3145b92926f53ab0e8c) Importer(815301076,1909f56bfc062723c751e8b465ee728b) (PreviewImporter) -> (artifact id: 'ed8d795f3e83ef65b05cec2cd5f61c4d') in 0.3851196 seconds
Number of updated asset objects reloaded before import = 0Number of asset objects unloaded after import = 6

========================================================================
Received Import Request.
  Time since last request: 0.000042 seconds.
  path: Assets/object/effect/Point1 light.prefab
  artifactKey: Guid(703f6ebf4b982664188218f04b6d08d8) Importer(815301076,1909f56bfc062723c751e8b465ee728b)
Start importing Assets/object/effect/Point1 light.prefab using Guid(703f6ebf4b982664188218f04b6d08d8) Importer(815301076,1909f56bfc062723c751e8b465ee728b) (PreviewImporter) -> (artifact id: '64ad467dbac0a29175b833c5a8bcf69a') in 0.0269921 seconds
Number of updated asset objects reloaded before import = 0Number of asset objects unloaded after import = 6

========================================================================
Received Import Request.
  Time since last request: 0.000023 seconds.
  path: Assets/Versatile Studio Assets/Demo City By Versatile Studio/Prefabs/office_building_3.prefab
  artifactKey: Guid(f4b1e6a5517783e4c8bc71ebfd683604) Importer(815301076,1909f56bfc062723c751e8b465ee728b)
Start importing Assets/Versatile Studio Assets/Demo City By Versatile Studio/Prefabs/office_building_3.prefab using Guid(f4b1e6a5517783e4c8bc71ebfd683604) Importer(815301076,1909f56bfc062723c751e8b465ee728b) (PreviewImporter) -> (artifact id: '42241004edd880b126bbd204120a2af8') in 0.0874862 seconds
Number of updated asset objects reloaded before import = 0Number of asset objects unloaded after import = 97

========================================================================
Received Prepare
Begin MonoManager ReloadAssembly
- Loaded All Assemblies, in  0.474 seconds
Refreshing native plugins compatible for Editor in 0.88 ms, found 4 plugins.
Native extension for WindowsStandalone target not found
[Package Manager] Failed to launch server process. Reason: Unity was launched with the -noUpm command-line argument
[Package Manager] Unable to send message (not connected to server process).
[Package Manager] Cannot connect to Unity Package Manager local server
Mono: successfully reloaded assembly
- Finished resetting the current domain, in  0.433 seconds
Domain Reload Profiling: 908ms
	BeginReloadAssembly (139ms)
		ExecutionOrderSort (0ms)
		DisableScriptedObjects (14ms)
		BackupInstance (0ms)
		ReleaseScriptingObjects (0ms)
		CreateAndSetChildDomain (38ms)
	RebuildCommonClasses (27ms)
	RebuildNativeTypeToScriptingClass (8ms)
	initialDomainReloadingComplete (17ms)
	LoadAllAssembliesAndSetupDomain (284ms)
		LoadAssemblies (210ms)
		RebuildTransferFunctionScriptingTraits (0ms)
		AnalyzeDomain (120ms)
			TypeCache.Refresh (5ms)
				TypeCache.ScanAssembly (0ms)
			BuildScriptInfoCaches (103ms)
			ResolveRequiredComponents (7ms)
	FinalizeReload (434ms)
		ReleaseScriptCaches (0ms)
		RebuildScriptCaches (0ms)
		SetupLoadedEditorAssemblies (339ms)
			LogAssemblyErrors (0ms)
			InitializePlatformSupportModulesInManaged (2ms)
			SetLoadedEditorAssemblies (4ms)
			BeforeProcessingInitializeOnLoad (72ms)
			ProcessInitializeOnLoadAttributes (229ms)
			ProcessInitializeOnLoadMethodAttributes (30ms)
			AfterProcessingInitializeOnLoad (3ms)
			EditorAssembliesLoaded (0ms)
		ExecutionOrderSort2 (0ms)
		AwakeInstancesAfterBackupRestoration (10ms)
Refreshing native plugins compatible for Editor in 0.92 ms, found 4 plugins.
Preloading 0 native plugins for Editor in 0.00 ms.
Unloading 13 Unused Serialized files (Serialized files now loaded: 0)
Unloading 6385 unused Assets / (4.3 MB). Loaded Objects now: 7181.
Memory consumption went from 165.2 MB to 160.9 MB.
Total: 4.877800 ms (FindLiveObjects: 0.390100 ms CreateObjectMapping: 0.218800 ms MarkObjects: 2.970100 ms  DeleteObjects: 1.298100 ms)

Prepare: number of updated asset objects reloaded= 0
========================================================================
Received Prepare
Begin MonoManager ReloadAssembly
- Loaded All Assemblies, in  0.448 seconds
Refreshing native plugins compatible for Editor in 0.89 ms, found 4 plugins.
Native extension for WindowsStandalone target not found
[Package Manager] Failed to launch server process. Reason: Unity was launched with the -noUpm command-line argument
[Package Manager] Unable to send message (not connected to server process).
[Package Manager] Cannot connect to Unity Package Manager local server
Mono: successfully reloaded assembly
- Finished resetting the current domain, in  0.440 seconds
Domain Reload Profiling: 889ms
	BeginReloadAssembly (113ms)
		ExecutionOrderSort (0ms)
		DisableScriptedObjects (5ms)
		BackupInstance (0ms)
		ReleaseScriptingObjects (0ms)
		CreateAndSetChildDomain (26ms)
	RebuildCommonClasses (22ms)
	RebuildNativeTypeToScriptingClass (9ms)
	initialDomainReloadingComplete (21ms)
	LoadAllAssembliesAndSetupDomain (284ms)
		LoadAssemblies (204ms)
		RebuildTransferFunctionScriptingTraits (0ms)
		AnalyzeDomain (121ms)
			TypeCache.Refresh (6ms)
				TypeCache.ScanAssembly (0ms)
			BuildScriptInfoCaches (106ms)
			ResolveRequiredComponents (6ms)
	FinalizeReload (440ms)
		ReleaseScriptCaches (0ms)
		RebuildScriptCaches (0ms)
		SetupLoadedEditorAssemblies (346ms)
			LogAssemblyErrors (0ms)
			InitializePlatformSupportModulesInManaged (2ms)
			SetLoadedEditorAssemblies (3ms)
			BeforeProcessingInitializeOnLoad (70ms)
			ProcessInitializeOnLoadAttributes (232ms)
			ProcessInitializeOnLoadMethodAttributes (36ms)
			AfterProcessingInitializeOnLoad (3ms)
			EditorAssembliesLoaded (0ms)
		ExecutionOrderSort2 (0ms)
		AwakeInstancesAfterBackupRestoration (10ms)
Refreshing native plugins compatible for Editor in 0.99 ms, found 4 plugins.
Preloading 0 native plugins for Editor in 0.00 ms.
Unloading 13 Unused Serialized files (Serialized files now loaded: 0)
Unloading 6383 unused Assets / (4.3 MB). Loaded Objects now: 7184.
Memory consumption went from 165.1 MB to 160.8 MB.
Total: 4.748400 ms (FindLiveObjects: 0.385600 ms CreateObjectMapping: 0.234400 ms MarkObjects: 2.766200 ms  DeleteObjects: 1.361400 ms)

Prepare: number of updated asset objects reloaded= 0
========================================================================
Received Prepare
Refreshing native plugins compatible for Editor in 2.26 ms, found 4 plugins.
Preloading 0 native plugins for Editor in 0.00 ms.
Unloading 13 Unused Serialized files (Serialized files now loaded: 0)
Unloading 6371 unused Assets / (4.2 MB). Loaded Objects now: 7184.
Memory consumption went from 165.2 MB to 161.0 MB.
Total: 6.894400 ms (FindLiveObjects: 0.887300 ms CreateObjectMapping: 0.510400 ms MarkObjects: 3.964300 ms  DeleteObjects: 1.531400 ms)

Prepare: number of updated asset objects reloaded= 0
========================================================================
Received Prepare
Begin MonoManager ReloadAssembly
- Loaded All Assemblies, in  0.529 seconds
Refreshing native plugins compatible for Editor in 1.00 ms, found 4 plugins.
Native extension for WindowsStandalone target not found
[Package Manager] Failed to launch server process. Reason: Unity was launched with the -noUpm command-line argument
[Package Manager] Unable to send message (not connected to server process).
[Package Manager] Cannot connect to Unity Package Manager local server
Mono: successfully reloaded assembly
- Finished resetting the current domain, in  0.477 seconds
Domain Reload Profiling: 1007ms
	BeginReloadAssembly (124ms)
		ExecutionOrderSort (0ms)
		DisableScriptedObjects (3ms)
		BackupInstance (0ms)
		ReleaseScriptingObjects (0ms)
		CreateAndSetChildDomain (28ms)
	RebuildCommonClasses (24ms)
	RebuildNativeTypeToScriptingClass (10ms)
	initialDomainReloadingComplete (19ms)
	LoadAllAssembliesAndSetupDomain (353ms)
		LoadAssemblies (270ms)
		RebuildTransferFunctionScriptingTraits (0ms)
		AnalyzeDomain (133ms)
			TypeCache.Refresh (9ms)
				TypeCache.ScanAssembly (0ms)
			BuildScriptInfoCaches (115ms)
			ResolveRequiredComponents (6ms)
	FinalizeReload (477ms)
		ReleaseScriptCaches (0ms)
		RebuildScriptCaches (0ms)
		SetupLoadedEditorAssemblies (369ms)
			LogAssemblyErrors (0ms)
			InitializePlatformSupportModulesInManaged (2ms)
			SetLoadedEditorAssemblies (5ms)
			BeforeProcessingInitializeOnLoad (103ms)
			ProcessInitializeOnLoadAttributes (226ms)
			ProcessInitializeOnLoadMethodAttributes (30ms)
			AfterProcessingInitializeOnLoad (3ms)
			EditorAssembliesLoaded (0ms)
		ExecutionOrderSort2 (0ms)
		AwakeInstancesAfterBackupRestoration (10ms)
Refreshing native plugins compatible for Editor in 3.28 ms, found 4 plugins.
Preloading 0 native plugins for Editor in 0.00 ms.
Unloading 13 Unused Serialized files (Serialized files now loaded: 0)
Unloading 6383 unused Assets / (4.3 MB). Loaded Objects now: 7187.
Memory consumption went from 165.1 MB to 160.9 MB.
Total: 6.974400 ms (FindLiveObjects: 0.791500 ms CreateObjectMapping: 0.511600 ms MarkObjects: 4.312200 ms  DeleteObjects: 1.358100 ms)

Prepare: number of updated asset objects reloaded= 0
========================================================================
Received Prepare
Begin MonoManager ReloadAssembly
- Loaded All Assemblies, in  0.456 seconds
Refreshing native plugins compatible for Editor in 0.86 ms, found 4 plugins.
Native extension for WindowsStandalone target not found
[Package Manager] Failed to launch server process. Reason: Unity was launched with the -noUpm command-line argument
[Package Manager] Unable to send message (not connected to server process).
[Package Manager] Cannot connect to Unity Package Manager local server
Mono: successfully reloaded assembly
- Finished resetting the current domain, in  0.430 seconds
Domain Reload Profiling: 886ms
	BeginReloadAssembly (109ms)
		ExecutionOrderSort (0ms)
		DisableScriptedObjects (3ms)
		BackupInstance (0ms)
		ReleaseScriptingObjects (0ms)
		CreateAndSetChildDomain (26ms)
	RebuildCommonClasses (25ms)
	RebuildNativeTypeToScriptingClass (8ms)
	initialDomainReloadingComplete (19ms)
	LoadAllAssembliesAndSetupDomain (296ms)
		LoadAssemblies (213ms)
		RebuildTransferFunctionScriptingTraits (0ms)
		AnalyzeDomain (122ms)
			TypeCache.Refresh (6ms)
				TypeCache.ScanAssembly (0ms)
			BuildScriptInfoCaches (107ms)
			ResolveRequiredComponents (6ms)
	FinalizeReload (430ms)
		ReleaseScriptCaches (0ms)
		RebuildScriptCaches (0ms)
		SetupLoadedEditorAssemblies (335ms)
			LogAssemblyErrors (0ms)
			InitializePlatformSupportModulesInManaged (2ms)
			SetLoadedEditorAssemblies (4ms)
			BeforeProcessingInitializeOnLoad (71ms)
			ProcessInitializeOnLoadAttributes (226ms)
			ProcessInitializeOnLoadMethodAttributes (30ms)
			AfterProcessingInitializeOnLoad (3ms)
			EditorAssembliesLoaded (0ms)
		ExecutionOrderSort2 (0ms)
		AwakeInstancesAfterBackupRestoration (11ms)
Refreshing native plugins compatible for Editor in 0.86 ms, found 4 plugins.
Preloading 0 native plugins for Editor in 0.00 ms.
Unloading 13 Unused Serialized files (Serialized files now loaded: 0)
Unloading 6383 unused Assets / (4.2 MB). Loaded Objects now: 7190.
Memory consumption went from 165.2 MB to 160.9 MB.
Total: 5.380800 ms (FindLiveObjects: 0.399100 ms CreateObjectMapping: 0.246400 ms MarkObjects: 3.210500 ms  DeleteObjects: 1.523900 ms)

Prepare: number of updated asset objects reloaded= 0
========================================================================
Received Prepare
Refreshing native plugins compatible for Editor in 1.16 ms, found 4 plugins.
Preloading 0 native plugins for Editor in 0.00 ms.
Unloading 13 Unused Serialized files (Serialized files now loaded: 0)
Unloading 6371 unused Assets / (4.4 MB). Loaded Objects now: 7190.
Memory consumption went from 165.3 MB to 160.9 MB.
Total: 8.454700 ms (FindLiveObjects: 0.657300 ms CreateObjectMapping: 0.206700 ms MarkObjects: 5.277100 ms  DeleteObjects: 2.312500 ms)

Prepare: number of updated asset objects reloaded= 0
========================================================================
Received Prepare
Begin MonoManager ReloadAssembly
- Loaded All Assemblies, in  0.524 seconds
Refreshing native plugins compatible for Editor in 0.94 ms, found 4 plugins.
Native extension for WindowsStandalone target not found
[Package Manager] Failed to launch server process. Reason: Unity was launched with the -noUpm command-line argument
[Package Manager] Unable to send message (not connected to server process).
[Package Manager] Cannot connect to Unity Package Manager local server
Mono: successfully reloaded assembly
- Finished resetting the current domain, in  0.500 seconds
Domain Reload Profiling: 1020ms
	BeginReloadAssembly (121ms)
		ExecutionOrderSort (0ms)
		DisableScriptedObjects (3ms)
		BackupInstance (0ms)
		ReleaseScriptingObjects (0ms)
		CreateAndSetChildDomain (29ms)
	RebuildCommonClasses (24ms)
	RebuildNativeTypeToScriptingClass (9ms)
	initialDomainReloadingComplete (32ms)
	LoadAllAssembliesAndSetupDomain (333ms)
		LoadAssemblies (255ms)
		RebuildTransferFunctionScriptingTraits (0ms)
		AnalyzeDomain (127ms)
			TypeCache.Refresh (7ms)
				TypeCache.ScanAssembly (0ms)
			BuildScriptInfoCaches (110ms)
			ResolveRequiredComponents (6ms)
	FinalizeReload (501ms)
		ReleaseScriptCaches (0ms)
		RebuildScriptCaches (0ms)
		SetupLoadedEditorAssemblies (402ms)
			LogAssemblyErrors (0ms)
			InitializePlatformSupportModulesInManaged (2ms)
			SetLoadedEditorAssemblies (3ms)
			BeforeProcessingInitializeOnLoad (72ms)
			ProcessInitializeOnLoadAttributes (291ms)
			ProcessInitializeOnLoadMethodAttributes (31ms)
			AfterProcessingInitializeOnLoad (3ms)
			EditorAssembliesLoaded (0ms)
		ExecutionOrderSort2 (0ms)
		AwakeInstancesAfterBackupRestoration (10ms)
Refreshing native plugins compatible for Editor in 0.89 ms, found 4 plugins.
Preloading 0 native plugins for Editor in 0.00 ms.
Unloading 13 Unused Serialized files (Serialized files now loaded: 0)
Unloading 6383 unused Assets / (4.3 MB). Loaded Objects now: 7193.
Memory consumption went from 165.2 MB to 160.9 MB.
Total: 4.835200 ms (FindLiveObjects: 0.405400 ms CreateObjectMapping: 0.240000 ms MarkObjects: 2.781300 ms  DeleteObjects: 1.407900 ms)

Prepare: number of updated asset objects reloaded= 0
========================================================================
Received Prepare
Begin MonoManager ReloadAssembly
- Loaded All Assemblies, in  0.460 seconds
Refreshing native plugins compatible for Editor in 0.84 ms, found 4 plugins.
Native extension for WindowsStandalone target not found
[Package Manager] Failed to launch server process. Reason: Unity was launched with the -noUpm command-line argument
[Package Manager] Unable to send message (not connected to server process).
[Package Manager] Cannot connect to Unity Package Manager local server
Mono: successfully reloaded assembly
- Finished resetting the current domain, in  0.435 seconds
Domain Reload Profiling: 896ms
	BeginReloadAssembly (116ms)
		ExecutionOrderSort (0ms)
		DisableScriptedObjects (3ms)
		BackupInstance (0ms)
		ReleaseScriptingObjects (0ms)
		CreateAndSetChildDomain (27ms)
	RebuildCommonClasses (24ms)
	RebuildNativeTypeToScriptingClass (8ms)
	initialDomainReloadingComplete (19ms)
	LoadAllAssembliesAndSetupDomain (293ms)
		LoadAssemblies (217ms)
		RebuildTransferFunctionScriptingTraits (0ms)
		AnalyzeDomain (120ms)
			TypeCache.Refresh (5ms)
				TypeCache.ScanAssembly (0ms)
			BuildScriptInfoCaches (106ms)
			ResolveRequiredComponents (6ms)
	FinalizeReload (435ms)
		ReleaseScriptCaches (0ms)
		RebuildScriptCaches (0ms)
		SetupLoadedEditorAssemblies (332ms)
			LogAssemblyErrors (0ms)
			InitializePlatformSupportModulesInManaged (2ms)
			SetLoadedEditorAssemblies (3ms)
			BeforeProcessingInitializeOnLoad (70ms)
			ProcessInitializeOnLoadAttributes (217ms)
			ProcessInitializeOnLoadMethodAttributes (37ms)
			AfterProcessingInitializeOnLoad (3ms)
			EditorAssembliesLoaded (0ms)
		ExecutionOrderSort2 (0ms)
		AwakeInstancesAfterBackupRestoration (9ms)
Refreshing native plugins compatible for Editor in 0.94 ms, found 4 plugins.
Preloading 0 native plugins for Editor in 0.00 ms.
Unloading 13 Unused Serialized files (Serialized files now loaded: 0)
Unloading 6383 unused Assets / (4.2 MB). Loaded Objects now: 7196.
Memory consumption went from 165.2 MB to 161.1 MB.
Total: 4.734500 ms (FindLiveObjects: 0.380200 ms CreateObjectMapping: 0.219200 ms MarkObjects: 2.901900 ms  DeleteObjects: 1.232600 ms)

Prepare: number of updated asset objects reloaded= 0
========================================================================
Received Prepare
Begin MonoManager ReloadAssembly
- Loaded All Assemblies, in  0.471 seconds
Refreshing native plugins compatible for Editor in 1.15 ms, found 4 plugins.
Native extension for WindowsStandalone target not found
[Package Manager] Failed to launch server process. Reason: Unity was launched with the -noUpm command-line argument
[Package Manager] Unable to send message (not connected to server process).
[Package Manager] Cannot connect to Unity Package Manager local server
Mono: successfully reloaded assembly
- Finished resetting the current domain, in  0.446 seconds
Domain Reload Profiling: 918ms
	BeginReloadAssembly (119ms)
		ExecutionOrderSort (0ms)
		DisableScriptedObjects (4ms)
		BackupInstance (0ms)
		ReleaseScriptingObjects (0ms)
		CreateAndSetChildDomain (29ms)
	RebuildCommonClasses (24ms)
	RebuildNativeTypeToScriptingClass (8ms)
	initialDomainReloadingComplete (19ms)
	LoadAllAssembliesAndSetupDomain (302ms)
		LoadAssemblies (223ms)
		RebuildTransferFunctionScriptingTraits (0ms)
		AnalyzeDomain (123ms)
			TypeCache.Refresh (6ms)
				TypeCache.ScanAssembly (0ms)
			BuildScriptInfoCaches (108ms)
			ResolveRequiredComponents (6ms)
	FinalizeReload (447ms)
		ReleaseScriptCaches (0ms)
		RebuildScriptCaches (0ms)
		SetupLoadedEditorAssemblies (345ms)
			LogAssemblyErrors (0ms)
			InitializePlatformSupportModulesInManaged (2ms)
			SetLoadedEditorAssemblies (4ms)
			BeforeProcessingInitializeOnLoad (71ms)
			ProcessInitializeOnLoadAttributes (234ms)
			ProcessInitializeOnLoadMethodAttributes (32ms)
			AfterProcessingInitializeOnLoad (3ms)
			EditorAssembliesLoaded (0ms)
		ExecutionOrderSort2 (0ms)
		AwakeInstancesAfterBackupRestoration (10ms)
Refreshing native plugins compatible for Editor in 1.17 ms, found 4 plugins.
Preloading 0 native plugins for Editor in 0.00 ms.
Unloading 13 Unused Serialized files (Serialized files now loaded: 0)
Unloading 6383 unused Assets / (4.2 MB). Loaded Objects now: 7199.
Memory consumption went from 165.3 MB to 161.1 MB.
Total: 5.672200 ms (FindLiveObjects: 0.536000 ms CreateObjectMapping: 0.257000 ms MarkObjects: 3.417900 ms  DeleteObjects: 1.460600 ms)

Prepare: number of updated asset objects reloaded= 0
========================================================================
Received Prepare
Begin MonoManager ReloadAssembly
- Loaded All Assemblies, in  0.459 seconds
Refreshing native plugins compatible for Editor in 1.00 ms, found 4 plugins.
Native extension for WindowsStandalone target not found
[Package Manager] Failed to launch server process. Reason: Unity was launched with the -noUpm command-line argument
[Package Manager] Unable to send message (not connected to server process).
[Package Manager] Cannot connect to Unity Package Manager local server
Mono: successfully reloaded assembly
- Finished resetting the current domain, in  0.423 seconds
Domain Reload Profiling: 884ms
	BeginReloadAssembly (115ms)
		ExecutionOrderSort (0ms)
		DisableScriptedObjects (4ms)
		BackupInstance (0ms)
		ReleaseScriptingObjects (0ms)
		CreateAndSetChildDomain (30ms)
	RebuildCommonClasses (26ms)
	RebuildNativeTypeToScriptingClass (8ms)
	initialDomainReloadingComplete (18ms)
	LoadAllAssembliesAndSetupDomain (293ms)
		LoadAssemblies (209ms)
		RebuildTransferFunctionScriptingTraits (0ms)
		AnalyzeDomain (124ms)
			TypeCache.Refresh (5ms)
				TypeCache.ScanAssembly (0ms)
			BuildScriptInfoCaches (108ms)
			ResolveRequiredComponents (7ms)
	FinalizeReload (424ms)
		ReleaseScriptCaches (0ms)
		RebuildScriptCaches (0ms)
		SetupLoadedEditorAssemblies (329ms)
			LogAssemblyErrors (0ms)
			InitializePlatformSupportModulesInManaged (1ms)
			SetLoadedEditorAssemblies (4ms)
			BeforeProcessingInitializeOnLoad (72ms)
			ProcessInitializeOnLoadAttributes (220ms)
			ProcessInitializeOnLoadMethodAttributes (29ms)
			AfterProcessingInitializeOnLoad (3ms)
			EditorAssembliesLoaded (0ms)
		ExecutionOrderSort2 (0ms)
		AwakeInstancesAfterBackupRestoration (10ms)
Refreshing native plugins compatible for Editor in 0.92 ms, found 4 plugins.
Preloading 0 native plugins for Editor in 0.00 ms.
Unloading 13 Unused Serialized files (Serialized files now loaded: 0)
Unloading 6383 unused Assets / (4.6 MB). Loaded Objects now: 7202.
Memory consumption went from 165.3 MB to 160.7 MB.
Total: 7.138900 ms (FindLiveObjects: 0.434200 ms CreateObjectMapping: 0.246700 ms MarkObjects: 4.779300 ms  DeleteObjects: 1.677900 ms)

Prepare: number of updated asset objects reloaded= 0
========================================================================
Received Prepare
Begin MonoManager ReloadAssembly
- Loaded All Assemblies, in  0.455 seconds
Refreshing native plugins compatible for Editor in 0.83 ms, found 4 plugins.
Native extension for WindowsStandalone target not found
[Package Manager] Failed to launch server process. Reason: Unity was launched with the -noUpm command-line argument
[Package Manager] Unable to send message (not connected to server process).
[Package Manager] Cannot connect to Unity Package Manager local server
Mono: successfully reloaded assembly
- Finished resetting the current domain, in  0.428 seconds
Domain Reload Profiling: 885ms
	BeginReloadAssembly (116ms)
		ExecutionOrderSort (0ms)
		DisableScriptedObjects (4ms)
		BackupInstance (0ms)
		ReleaseScriptingObjects (0ms)
		CreateAndSetChildDomain (29ms)
	RebuildCommonClasses (23ms)
	RebuildNativeTypeToScriptingClass (8ms)
	initialDomainReloadingComplete (19ms)
	LoadAllAssembliesAndSetupDomain (290ms)
		LoadAssemblies (211ms)
		RebuildTransferFunctionScriptingTraits (0ms)
		AnalyzeDomain (120ms)
			TypeCache.Refresh (6ms)
				TypeCache.ScanAssembly (0ms)
			BuildScriptInfoCaches (104ms)
			ResolveRequiredComponents (6ms)
	FinalizeReload (429ms)
		ReleaseScriptCaches (0ms)
		RebuildScriptCaches (0ms)
		SetupLoadedEditorAssemblies (335ms)
			LogAssemblyErrors (0ms)
			InitializePlatformSupportModulesInManaged (2ms)
			SetLoadedEditorAssemblies (3ms)
			BeforeProcessingInitializeOnLoad (69ms)
			ProcessInitializeOnLoadAttributes (226ms)
			ProcessInitializeOnLoadMethodAttributes (32ms)
			AfterProcessingInitializeOnLoad (3ms)
			EditorAssembliesLoaded (0ms)
		ExecutionOrderSort2 (0ms)
		AwakeInstancesAfterBackupRestoration (9ms)
Refreshing native plugins compatible for Editor in 0.95 ms, found 4 plugins.
Preloading 0 native plugins for Editor in 0.00 ms.
Unloading 13 Unused Serialized files (Serialized files now loaded: 0)
Unloading 6383 unused Assets / (4.3 MB). Loaded Objects now: 7205.
Memory consumption went from 165.4 MB to 161.1 MB.
Total: 5.162200 ms (FindLiveObjects: 0.470300 ms CreateObjectMapping: 0.245300 ms MarkObjects: 3.070900 ms  DeleteObjects: 1.374800 ms)

Prepare: number of updated asset objects reloaded= 0
========================================================================
Received Prepare
Begin MonoManager ReloadAssembly
- Loaded All Assemblies, in  0.446 seconds
Refreshing native plugins compatible for Editor in 0.82 ms, found 4 plugins.
Native extension for WindowsStandalone target not found
[Package Manager] Failed to launch server process. Reason: Unity was launched with the -noUpm command-line argument
[Package Manager] Unable to send message (not connected to server process).
[Package Manager] Cannot connect to Unity Package Manager local server
Mono: successfully reloaded assembly
- Finished resetting the current domain, in  0.426 seconds
Domain Reload Profiling: 872ms
	BeginReloadAssembly (107ms)
		ExecutionOrderSort (0ms)
		DisableScriptedObjects (3ms)
		BackupInstance (0ms)
		ReleaseScriptingObjects (0ms)
		CreateAndSetChildDomain (25ms)
	RebuildCommonClasses (23ms)
	RebuildNativeTypeToScriptingClass (9ms)
	initialDomainReloadingComplete (19ms)
	LoadAllAssembliesAndSetupDomain (289ms)
		LoadAssemblies (207ms)
		RebuildTransferFunctionScriptingTraits (0ms)
		AnalyzeDomain (119ms)
			TypeCache.Refresh (5ms)
				TypeCache.ScanAssembly (0ms)
			BuildScriptInfoCaches (104ms)
			ResolveRequiredComponents (6ms)
	FinalizeReload (426ms)
		ReleaseScriptCaches (0ms)
		RebuildScriptCaches (0ms)
		SetupLoadedEditorAssemblies (332ms)
			LogAssemblyErrors (0ms)
			InitializePlatformSupportModulesInManaged (1ms)
			SetLoadedEditorAssemblies (3ms)
			BeforeProcessingInitializeOnLoad (70ms)
			ProcessInitializeOnLoadAttributes (224ms)
			ProcessInitializeOnLoadMethodAttributes (30ms)
			AfterProcessingInitializeOnLoad (3ms)
			EditorAssembliesLoaded (0ms)
		ExecutionOrderSort2 (0ms)
		AwakeInstancesAfterBackupRestoration (9ms)
Refreshing native plugins compatible for Editor in 1.01 ms, found 4 plugins.
Preloading 0 native plugins for Editor in 0.00 ms.
Unloading 13 Unused Serialized files (Serialized files now loaded: 0)
Unloading 6383 unused Assets / (4.3 MB). Loaded Objects now: 7208.
Memory consumption went from 165.4 MB to 161.1 MB.
Total: 5.182000 ms (FindLiveObjects: 0.398800 ms CreateObjectMapping: 0.260700 ms MarkObjects: 3.196500 ms  DeleteObjects: 1.325100 ms)

Prepare: number of updated asset objects reloaded= 0
========================================================================
Received Prepare
Begin MonoManager ReloadAssembly
- Loaded All Assemblies, in  0.470 seconds
Refreshing native plugins compatible for Editor in 0.82 ms, found 4 plugins.
Native extension for WindowsStandalone target not found
[Package Manager] Failed to launch server process. Reason: Unity was launched with the -noUpm command-line argument
[Package Manager] Unable to send message (not connected to server process).
[Package Manager] Cannot connect to Unity Package Manager local server
Mono: successfully reloaded assembly
- Finished resetting the current domain, in  0.437 seconds
Domain Reload Profiling: 909ms
	BeginReloadAssembly (116ms)
		ExecutionOrderSort (0ms)
		DisableScriptedObjects (3ms)
		BackupInstance (0ms)
		ReleaseScriptingObjects (0ms)
		CreateAndSetChildDomain (25ms)
	RebuildCommonClasses (35ms)
	RebuildNativeTypeToScriptingClass (12ms)
	initialDomainReloadingComplete (20ms)
	LoadAllAssembliesAndSetupDomain (289ms)
		LoadAssemblies (214ms)
		RebuildTransferFunctionScriptingTraits (0ms)
		AnalyzeDomain (119ms)
			TypeCache.Refresh (5ms)
				TypeCache.ScanAssembly (0ms)
			BuildScriptInfoCaches (104ms)
			ResolveRequiredComponents (6ms)
	FinalizeReload (437ms)
		ReleaseScriptCaches (0ms)
		RebuildScriptCaches (0ms)
		SetupLoadedEditorAssemblies (345ms)
			LogAssemblyErrors (0ms)
			InitializePlatformSupportModulesInManaged (2ms)
			SetLoadedEditorAssemblies (3ms)
			BeforeProcessingInitializeOnLoad (72ms)
			ProcessInitializeOnLoadAttributes (234ms)
			ProcessInitializeOnLoadMethodAttributes (31ms)
			AfterProcessingInitializeOnLoad (3ms)
			EditorAssembliesLoaded (0ms)
		ExecutionOrderSort2 (0ms)
		AwakeInstancesAfterBackupRestoration (9ms)
Refreshing native plugins compatible for Editor in 1.05 ms, found 4 plugins.
Preloading 0 native plugins for Editor in 0.00 ms.
Unloading 13 Unused Serialized files (Serialized files now loaded: 0)
Unloading 6383 unused Assets / (4.4 MB). Loaded Objects now: 7211.
Memory consumption went from 165.4 MB to 161.1 MB.
Total: 5.528600 ms (FindLiveObjects: 0.571700 ms CreateObjectMapping: 0.298900 ms MarkObjects: 3.044500 ms  DeleteObjects: 1.612600 ms)

Prepare: number of updated asset objects reloaded= 0
========================================================================
Received Prepare
Begin MonoManager ReloadAssembly
- Loaded All Assemblies, in  0.449 seconds
Refreshing native plugins compatible for Editor in 0.90 ms, found 4 plugins.
Native extension for WindowsStandalone target not found
[Package Manager] Failed to launch server process. Reason: Unity was launched with the -noUpm command-line argument
[Package Manager] Unable to send message (not connected to server process).
[Package Manager] Cannot connect to Unity Package Manager local server
Mono: successfully reloaded assembly
- Finished resetting the current domain, in  0.424 seconds
Domain Reload Profiling: 874ms
	BeginReloadAssembly (114ms)
		ExecutionOrderSort (0ms)
		DisableScriptedObjects (4ms)
		BackupInstance (0ms)
		ReleaseScriptingObjects (0ms)
		CreateAndSetChildDomain (29ms)
	RebuildCommonClasses (25ms)
	RebuildNativeTypeToScriptingClass (8ms)
	initialDomainReloadingComplete (18ms)
	LoadAllAssembliesAndSetupDomain (284ms)
		LoadAssemblies (204ms)
		RebuildTransferFunctionScriptingTraits (0ms)
		AnalyzeDomain (120ms)
			TypeCache.Refresh (5ms)
				TypeCache.ScanAssembly (0ms)
			BuildScriptInfoCaches (106ms)
			ResolveRequiredComponents (6ms)
	FinalizeReload (424ms)
		ReleaseScriptCaches (0ms)
		RebuildScriptCaches (0ms)
		SetupLoadedEditorAssemblies (328ms)
			LogAssemblyErrors (0ms)
			InitializePlatformSupportModulesInManaged (2ms)
			SetLoadedEditorAssemblies (3ms)
			BeforeProcessingInitializeOnLoad (69ms)
			ProcessInitializeOnLoadAttributes (220ms)
			ProcessInitializeOnLoadMethodAttributes (31ms)
			AfterProcessingInitializeOnLoad (3ms)
			EditorAssembliesLoaded (0ms)
		ExecutionOrderSort2 (0ms)
		AwakeInstancesAfterBackupRestoration (9ms)
Refreshing native plugins compatible for Editor in 0.87 ms, found 4 plugins.
Preloading 0 native plugins for Editor in 0.00 ms.
Unloading 13 Unused Serialized files (Serialized files now loaded: 0)
Unloading 6383 unused Assets / (4.3 MB). Loaded Objects now: 7214.
Memory consumption went from 165.5 MB to 161.2 MB.
Total: 5.318600 ms (FindLiveObjects: 0.441500 ms CreateObjectMapping: 0.257400 ms MarkObjects: 3.032300 ms  DeleteObjects: 1.586800 ms)

Prepare: number of updated asset objects reloaded= 0
========================================================================
Received Prepare
Begin MonoManager ReloadAssembly
- Loaded All Assemblies, in  0.449 seconds
Refreshing native plugins compatible for Editor in 0.90 ms, found 4 plugins.
Native extension for WindowsStandalone target not found
[Package Manager] Failed to launch server process. Reason: Unity was launched with the -noUpm command-line argument
[Package Manager] Unable to send message (not connected to server process).
[Package Manager] Cannot connect to Unity Package Manager local server
Mono: successfully reloaded assembly
- Finished resetting the current domain, in  0.423 seconds
Domain Reload Profiling: 873ms
	BeginReloadAssembly (111ms)
		ExecutionOrderSort (0ms)
		DisableScriptedObjects (3ms)
		BackupInstance (0ms)
		ReleaseScriptingObjects (0ms)
		CreateAndSetChildDomain (26ms)
	RebuildCommonClasses (24ms)
	RebuildNativeTypeToScriptingClass (8ms)
	initialDomainReloadingComplete (18ms)
	LoadAllAssembliesAndSetupDomain (289ms)
		LoadAssemblies (205ms)
		RebuildTransferFunctionScriptingTraits (0ms)
		AnalyzeDomain (123ms)
			TypeCache.Refresh (5ms)
				TypeCache.ScanAssembly (0ms)
			BuildScriptInfoCaches (108ms)
			ResolveRequiredComponents (6ms)
	FinalizeReload (423ms)
		ReleaseScriptCaches (0ms)
		RebuildScriptCaches (0ms)
		SetupLoadedEditorAssemblies (329ms)
			LogAssemblyErrors (0ms)
			InitializePlatformSupportModulesInManaged (2ms)
			SetLoadedEditorAssemblies (4ms)
			BeforeProcessingInitializeOnLoad (71ms)
			ProcessInitializeOnLoadAttributes (219ms)
			ProcessInitializeOnLoadMethodAttributes (31ms)
			AfterProcessingInitializeOnLoad (3ms)
			EditorAssembliesLoaded (0ms)
		ExecutionOrderSort2 (0ms)
		AwakeInstancesAfterBackupRestoration (9ms)
Refreshing native plugins compatible for Editor in 1.21 ms, found 4 plugins.
Preloading 0 native plugins for Editor in 0.00 ms.
Unloading 13 Unused Serialized files (Serialized files now loaded: 0)
Unloading 6383 unused Assets / (4.3 MB). Loaded Objects now: 7217.
Memory consumption went from 165.5 MB to 161.2 MB.
Total: 4.948400 ms (FindLiveObjects: 0.410000 ms CreateObjectMapping: 0.299900 ms MarkObjects: 2.877100 ms  DeleteObjects: 1.360800 ms)

Prepare: number of updated asset objects reloaded= 0
========================================================================
Received Prepare
Refreshing native plugins compatible for Editor in 0.97 ms, found 4 plugins.
Preloading 0 native plugins for Editor in 0.00 ms.
Unloading 13 Unused Serialized files (Serialized files now loaded: 0)
Unloading 6371 unused Assets / (5.1 MB). Loaded Objects now: 7217.
Memory consumption went from 165.6 MB to 160.5 MB.
Total: 7.028700 ms (FindLiveObjects: 0.447100 ms CreateObjectMapping: 0.214500 ms MarkObjects: 3.921900 ms  DeleteObjects: 2.444000 ms)

Prepare: number of updated asset objects reloaded= 0
========================================================================
Received Prepare
Begin MonoManager ReloadAssembly
- Loaded All Assemblies, in  0.463 seconds
Refreshing native plugins compatible for Editor in 1.37 ms, found 4 plugins.
Native extension for WindowsStandalone target not found
[Package Manager] Failed to launch server process. Reason: Unity was launched with the -noUpm command-line argument
[Package Manager] Unable to send message (not connected to server process).
[Package Manager] Cannot connect to Unity Package Manager local server
Mono: successfully reloaded assembly
- Finished resetting the current domain, in  0.462 seconds
Domain Reload Profiling: 927ms
	BeginReloadAssembly (113ms)
		ExecutionOrderSort (0ms)
		DisableScriptedObjects (4ms)
		BackupInstance (0ms)
		ReleaseScriptingObjects (0ms)
		CreateAndSetChildDomain (27ms)
	RebuildCommonClasses (23ms)
	RebuildNativeTypeToScriptingClass (8ms)
	initialDomainReloadingComplete (18ms)
	LoadAllAssembliesAndSetupDomain (302ms)
		LoadAssemblies (213ms)
		RebuildTransferFunctionScriptingTraits (0ms)
		AnalyzeDomain (129ms)
			TypeCache.Refresh (7ms)
				TypeCache.ScanAssembly (0ms)
			BuildScriptInfoCaches (111ms)
			ResolveRequiredComponents (6ms)
	FinalizeReload (462ms)
		ReleaseScriptCaches (0ms)
		RebuildScriptCaches (0ms)
		SetupLoadedEditorAssemblies (345ms)
			LogAssemblyErrors (0ms)
			InitializePlatformSupportModulesInManaged (2ms)
			SetLoadedEditorAssemblies (3ms)
			BeforeProcessingInitializeOnLoad (71ms)
			ProcessInitializeOnLoadAttributes (236ms)
			ProcessInitializeOnLoadMethodAttributes (30ms)
			AfterProcessingInitializeOnLoad (3ms)
			EditorAssembliesLoaded (0ms)
		ExecutionOrderSort2 (0ms)
		AwakeInstancesAfterBackupRestoration (10ms)
Refreshing native plugins compatible for Editor in 0.88 ms, found 4 plugins.
Preloading 0 native plugins for Editor in 0.00 ms.
Unloading 13 Unused Serialized files (Serialized files now loaded: 0)
Unloading 6383 unused Assets / (4.1 MB). Loaded Objects now: 7220.
Memory consumption went from 165.5 MB to 161.4 MB.
Total: 4.593700 ms (FindLiveObjects: 0.389700 ms CreateObjectMapping: 0.230800 ms MarkObjects: 2.782100 ms  DeleteObjects: 1.190300 ms)

Prepare: number of updated asset objects reloaded= 0
========================================================================
Received Prepare
Begin MonoManager ReloadAssembly
- Loaded All Assemblies, in  0.444 seconds
Refreshing native plugins compatible for Editor in 0.98 ms, found 4 plugins.
Native extension for WindowsStandalone target not found
[Package Manager] Failed to launch server process. Reason: Unity was launched with the -noUpm command-line argument
[Package Manager] Unable to send message (not connected to server process).
[Package Manager] Cannot connect to Unity Package Manager local server
Mono: successfully reloaded assembly
- Finished resetting the current domain, in  0.421 seconds
Domain Reload Profiling: 867ms
	BeginReloadAssembly (112ms)
		ExecutionOrderSort (0ms)
		DisableScriptedObjects (3ms)
		BackupInstance (0ms)
		ReleaseScriptingObjects (0ms)
		CreateAndSetChildDomain (25ms)
	RebuildCommonClasses (23ms)
	RebuildNativeTypeToScriptingClass (10ms)
	initialDomainReloadingComplete (18ms)
	LoadAllAssembliesAndSetupDomain (283ms)
		LoadAssemblies (202ms)
		RebuildTransferFunctionScriptingTraits (0ms)
		AnalyzeDomain (121ms)
			TypeCache.Refresh (5ms)
				TypeCache.ScanAssembly (0ms)
			BuildScriptInfoCaches (106ms)
			ResolveRequiredComponents (6ms)
	FinalizeReload (421ms)
		ReleaseScriptCaches (0ms)
		RebuildScriptCaches (0ms)
		SetupLoadedEditorAssemblies (328ms)
			LogAssemblyErrors (0ms)
			InitializePlatformSupportModulesInManaged (1ms)
			SetLoadedEditorAssemblies (4ms)
			BeforeProcessingInitializeOnLoad (70ms)
			ProcessInitializeOnLoadAttributes (219ms)
			ProcessInitializeOnLoadMethodAttributes (30ms)
			AfterProcessingInitializeOnLoad (3ms)
			EditorAssembliesLoaded (0ms)
		ExecutionOrderSort2 (0ms)
		AwakeInstancesAfterBackupRestoration (10ms)
Refreshing native plugins compatible for Editor in 1.03 ms, found 4 plugins.
Preloading 0 native plugins for Editor in 0.00 ms.
Unloading 13 Unused Serialized files (Serialized files now loaded: 0)
Unloading 6383 unused Assets / (4.4 MB). Loaded Objects now: 7223.
Memory consumption went from 165.6 MB to 161.2 MB.
Total: 5.368700 ms (FindLiveObjects: 0.447300 ms CreateObjectMapping: 0.271500 ms MarkObjects: 2.999000 ms  DeleteObjects: 1.650100 ms)

Prepare: number of updated asset objects reloaded= 0
========================================================================
Received Prepare
Refreshing native plugins compatible for Editor in 0.91 ms, found 4 plugins.
Preloading 0 native plugins for Editor in 0.00 ms.
Unloading 13 Unused Serialized files (Serialized files now loaded: 0)
Unloading 6371 unused Assets / (4.2 MB). Loaded Objects now: 7223.
Memory consumption went from 165.7 MB to 161.5 MB.
Total: 5.712000 ms (FindLiveObjects: 0.462900 ms CreateObjectMapping: 0.357300 ms MarkObjects: 3.142800 ms  DeleteObjects: 1.747900 ms)

Prepare: number of updated asset objects reloaded= 0
========================================================================
Received Prepare
Begin MonoManager ReloadAssembly
- Loaded All Assemblies, in  0.538 seconds
Refreshing native plugins compatible for Editor in 0.96 ms, found 4 plugins.
Native extension for WindowsStandalone target not found
[Package Manager] Failed to launch server process. Reason: Unity was launched with the -noUpm command-line argument
[Package Manager] Unable to send message (not connected to server process).
[Package Manager] Cannot connect to Unity Package Manager local server
Mono: successfully reloaded assembly
- Finished resetting the current domain, in  0.501 seconds
Domain Reload Profiling: 1039ms
	BeginReloadAssembly (127ms)
		ExecutionOrderSort (0ms)
		DisableScriptedObjects (5ms)
		BackupInstance (0ms)
		ReleaseScriptingObjects (0ms)
		CreateAndSetChildDomain (28ms)
	RebuildCommonClasses (36ms)
	RebuildNativeTypeToScriptingClass (9ms)
	initialDomainReloadingComplete (21ms)
	LoadAllAssembliesAndSetupDomain (345ms)
		LoadAssemblies (240ms)
		RebuildTransferFunctionScriptingTraits (0ms)
		AnalyzeDomain (155ms)
			TypeCache.Refresh (12ms)
				TypeCache.ScanAssembly (0ms)
			BuildScriptInfoCaches (132ms)
			ResolveRequiredComponents (7ms)
	FinalizeReload (501ms)
		ReleaseScriptCaches (0ms)
		RebuildScriptCaches (0ms)
		SetupLoadedEditorAssemblies (404ms)
			LogAssemblyErrors (0ms)
			InitializePlatformSupportModulesInManaged (2ms)
			SetLoadedEditorAssemblies (3ms)
			BeforeProcessingInitializeOnLoad (85ms)
			ProcessInitializeOnLoadAttributes (282ms)
			ProcessInitializeOnLoadMethodAttributes (30ms)
			AfterProcessingInitializeOnLoad (3ms)
			EditorAssembliesLoaded (0ms)
		ExecutionOrderSort2 (0ms)
		AwakeInstancesAfterBackupRestoration (9ms)
Refreshing native plugins compatible for Editor in 0.89 ms, found 4 plugins.
Preloading 0 native plugins for Editor in 0.00 ms.
Unloading 13 Unused Serialized files (Serialized files now loaded: 0)
Unloading 6383 unused Assets / (4.0 MB). Loaded Objects now: 7226.
Memory consumption went from 165.6 MB to 161.7 MB.
Total: 5.896800 ms (FindLiveObjects: 0.398300 ms CreateObjectMapping: 0.213600 ms MarkObjects: 3.802700 ms  DeleteObjects: 1.481400 ms)

Prepare: number of updated asset objects reloaded= 0
========================================================================
Received Prepare
Refreshing native plugins compatible for Editor in 1.22 ms, found 4 plugins.
Preloading 0 native plugins for Editor in 0.00 ms.
Unloading 13 Unused Serialized files (Serialized files now loaded: 0)
Unloading 6371 unused Assets / (4.2 MB). Loaded Objects now: 7226.
Memory consumption went from 165.8 MB to 161.5 MB.
Total: 8.036600 ms (FindLiveObjects: 0.801700 ms CreateObjectMapping: 0.378000 ms MarkObjects: 4.533800 ms  DeleteObjects: 2.321700 ms)

Prepare: number of updated asset objects reloaded= 0
========================================================================
Received Prepare
Begin MonoManager ReloadAssembly
- Loaded All Assemblies, in  0.456 seconds
Refreshing native plugins compatible for Editor in 0.96 ms, found 4 plugins.
Native extension for WindowsStandalone target not found
[Package Manager] Failed to launch server process. Reason: Unity was launched with the -noUpm command-line argument
[Package Manager] Unable to send message (not connected to server process).
[Package Manager] Cannot connect to Unity Package Manager local server
Mono: successfully reloaded assembly
- Finished resetting the current domain, in  0.460 seconds
Domain Reload Profiling: 917ms
	BeginReloadAssembly (112ms)
		ExecutionOrderSort (0ms)
		DisableScriptedObjects (3ms)
		BackupInstance (0ms)
		ReleaseScriptingObjects (0ms)
		CreateAndSetChildDomain (27ms)
	RebuildCommonClasses (23ms)
	RebuildNativeTypeToScriptingClass (8ms)
	initialDomainReloadingComplete (19ms)
	LoadAllAssembliesAndSetupDomain (296ms)
		LoadAssemblies (208ms)
		RebuildTransferFunctionScriptingTraits (0ms)
		AnalyzeDomain (128ms)
			TypeCache.Refresh (7ms)
				TypeCache.ScanAssembly (0ms)
			BuildScriptInfoCaches (110ms)
			ResolveRequiredComponents (6ms)
	FinalizeReload (460ms)
		ReleaseScriptCaches (0ms)
		RebuildScriptCaches (0ms)
		SetupLoadedEditorAssemblies (358ms)
			LogAssemblyErrors (0ms)
			InitializePlatformSupportModulesInManaged (2ms)
			SetLoadedEditorAssemblies (3ms)
			BeforeProcessingInitializeOnLoad (72ms)
			ProcessInitializeOnLoadAttributes (242ms)
			ProcessInitializeOnLoadMethodAttributes (36ms)
			AfterProcessingInitializeOnLoad (3ms)
			EditorAssembliesLoaded (0ms)
		ExecutionOrderSort2 (0ms)
		AwakeInstancesAfterBackupRestoration (9ms)
Refreshing native plugins compatible for Editor in 0.89 ms, found 4 plugins.
Preloading 0 native plugins for Editor in 0.00 ms.
Unloading 13 Unused Serialized files (Serialized files now loaded: 0)
Unloading 6383 unused Assets / (4.2 MB). Loaded Objects now: 7229.
Memory consumption went from 165.7 MB to 161.4 MB.
Total: 4.693400 ms (FindLiveObjects: 0.402400 ms CreateObjectMapping: 0.235100 ms MarkObjects: 2.811200 ms  DeleteObjects: 1.243800 ms)

Prepare: number of updated asset objects reloaded= 0
========================================================================
Received Prepare
Begin MonoManager ReloadAssembly
- Loaded All Assemblies, in  0.439 seconds
Refreshing native plugins compatible for Editor in 0.99 ms, found 4 plugins.
Native extension for WindowsStandalone target not found
[Package Manager] Failed to launch server process. Reason: Unity was launched with the -noUpm command-line argument
[Package Manager] Unable to send message (not connected to server process).
[Package Manager] Cannot connect to Unity Package Manager local server
Mono: successfully reloaded assembly
- Finished resetting the current domain, in  0.423 seconds
Domain Reload Profiling: 863ms
	BeginReloadAssembly (105ms)
		ExecutionOrderSort (0ms)
		DisableScriptedObjects (3ms)
		BackupInstance (0ms)
		ReleaseScriptingObjects (0ms)
		CreateAndSetChildDomain (23ms)
	RebuildCommonClasses (25ms)
	RebuildNativeTypeToScriptingClass (8ms)
	initialDomainReloadingComplete (18ms)
	LoadAllAssembliesAndSetupDomain (285ms)
		LoadAssemblies (202ms)
		RebuildTransferFunctionScriptingTraits (0ms)
		AnalyzeDomain (120ms)
			TypeCache.Refresh (5ms)
				TypeCache.ScanAssembly (0ms)
			BuildScriptInfoCaches (105ms)
			ResolveRequiredComponents (6ms)
	FinalizeReload (423ms)
		ReleaseScriptCaches (0ms)
		RebuildScriptCaches (0ms)
		SetupLoadedEditorAssemblies (329ms)
			LogAssemblyErrors (0ms)
			InitializePlatformSupportModulesInManaged (1ms)
			SetLoadedEditorAssemblies (4ms)
			BeforeProcessingInitializeOnLoad (70ms)
			ProcessInitializeOnLoadAttributes (217ms)
			ProcessInitializeOnLoadMethodAttributes (33ms)
			AfterProcessingInitializeOnLoad (3ms)
			EditorAssembliesLoaded (0ms)
		ExecutionOrderSort2 (0ms)
		AwakeInstancesAfterBackupRestoration (9ms)
Refreshing native plugins compatible for Editor in 0.99 ms, found 4 plugins.
Preloading 0 native plugins for Editor in 0.00 ms.
Unloading 13 Unused Serialized files (Serialized files now loaded: 0)
Unloading 6383 unused Assets / (4.1 MB). Loaded Objects now: 7232.
Memory consumption went from 165.7 MB to 161.6 MB.
Total: 5.135500 ms (FindLiveObjects: 0.469900 ms CreateObjectMapping: 0.388200 ms MarkObjects: 2.882400 ms  DeleteObjects: 1.394100 ms)

Prepare: number of updated asset objects reloaded= 0
========================================================================
Received Prepare
Refreshing native plugins compatible for Editor in 1.00 ms, found 4 plugins.
Preloading 0 native plugins for Editor in 0.00 ms.
Unloading 13 Unused Serialized files (Serialized files now loaded: 0)
Unloading 6371 unused Assets / (4.9 MB). Loaded Objects now: 7232.
Memory consumption went from 165.8 MB to 161.0 MB.
Total: 6.523900 ms (FindLiveObjects: 0.456000 ms CreateObjectMapping: 0.263000 ms MarkObjects: 3.453800 ms  DeleteObjects: 2.350200 ms)

Prepare: number of updated asset objects reloaded= 0
========================================================================
Received Prepare
Begin MonoManager ReloadAssembly
- Loaded All Assemblies, in  0.498 seconds
Refreshing native plugins compatible for Editor in 0.89 ms, found 4 plugins.
Native extension for WindowsStandalone target not found
[Package Manager] Failed to launch server process. Reason: Unity was launched with the -noUpm command-line argument
[Package Manager] Unable to send message (not connected to server process).
[Package Manager] Cannot connect to Unity Package Manager local server
Mono: successfully reloaded assembly
- Finished resetting the current domain, in  0.565 seconds
Domain Reload Profiling: 1064ms
	BeginReloadAssembly (122ms)
		ExecutionOrderSort (0ms)
		DisableScriptedObjects (5ms)
		BackupInstance (0ms)
		ReleaseScriptingObjects (0ms)
		CreateAndSetChildDomain (27ms)
	RebuildCommonClasses (23ms)
	RebuildNativeTypeToScriptingClass (13ms)
	initialDomainReloadingComplete (22ms)
	LoadAllAssembliesAndSetupDomain (320ms)
		LoadAssemblies (236ms)
		RebuildTransferFunctionScriptingTraits (0ms)
		AnalyzeDomain (125ms)
			TypeCache.Refresh (7ms)
				TypeCache.ScanAssembly (0ms)
			BuildScriptInfoCaches (109ms)
			ResolveRequiredComponents (6ms)
	FinalizeReload (566ms)
		ReleaseScriptCaches (0ms)
		RebuildScriptCaches (0ms)
		SetupLoadedEditorAssemblies (456ms)
			LogAssemblyErrors (0ms)
			InitializePlatformSupportModulesInManaged (2ms)
			SetLoadedEditorAssemblies (3ms)
			BeforeProcessingInitializeOnLoad (76ms)
			ProcessInitializeOnLoadAttributes (334ms)
			ProcessInitializeOnLoadMethodAttributes (37ms)
			AfterProcessingInitializeOnLoad (4ms)
			EditorAssembliesLoaded (0ms)
		ExecutionOrderSort2 (0ms)
		AwakeInstancesAfterBackupRestoration (11ms)
Refreshing native plugins compatible for Editor in 2.28 ms, found 4 plugins.
Preloading 0 native plugins for Editor in 0.00 ms.
Unloading 13 Unused Serialized files (Serialized files now loaded: 0)
Unloading 6383 unused Assets / (4.4 MB). Loaded Objects now: 7235.
Memory consumption went from 165.7 MB to 161.3 MB.
Total: 8.062900 ms (FindLiveObjects: 0.794900 ms CreateObjectMapping: 0.574400 ms MarkObjects: 4.404600 ms  DeleteObjects: 2.287900 ms)

Prepare: number of updated asset objects reloaded= 0
========================================================================
Received Prepare
Begin MonoManager ReloadAssembly
- Loaded All Assemblies, in  0.442 seconds
Refreshing native plugins compatible for Editor in 1.02 ms, found 4 plugins.
Native extension for WindowsStandalone target not found
[Package Manager] Failed to launch server process. Reason: Unity was launched with the -noUpm command-line argument
[Package Manager] Unable to send message (not connected to server process).
[Package Manager] Cannot connect to Unity Package Manager local server
Mono: successfully reloaded assembly
- Finished resetting the current domain, in  0.438 seconds
Domain Reload Profiling: 882ms
	BeginReloadAssembly (111ms)
		ExecutionOrderSort (0ms)
		DisableScriptedObjects (3ms)
		BackupInstance (0ms)
		ReleaseScriptingObjects (0ms)
		CreateAndSetChildDomain (25ms)
	RebuildCommonClasses (22ms)
	RebuildNativeTypeToScriptingClass (9ms)
	initialDomainReloadingComplete (19ms)
	LoadAllAssembliesAndSetupDomain (282ms)
		LoadAssemblies (203ms)
		RebuildTransferFunctionScriptingTraits (0ms)
		AnalyzeDomain (121ms)
			TypeCache.Refresh (6ms)
				TypeCache.ScanAssembly (0ms)
			BuildScriptInfoCaches (106ms)
			ResolveRequiredComponents (6ms)
	FinalizeReload (439ms)
		ReleaseScriptCaches (0ms)
		RebuildScriptCaches (0ms)
		SetupLoadedEditorAssemblies (336ms)
			LogAssemblyErrors (0ms)
			InitializePlatformSupportModulesInManaged (1ms)
			SetLoadedEditorAssemblies (3ms)
			BeforeProcessingInitializeOnLoad (70ms)
			ProcessInitializeOnLoadAttributes (220ms)
			ProcessInitializeOnLoadMethodAttributes (39ms)
			AfterProcessingInitializeOnLoad (3ms)
			EditorAssembliesLoaded (0ms)
		ExecutionOrderSort2 (0ms)
		AwakeInstancesAfterBackupRestoration (11ms)
Refreshing native plugins compatible for Editor in 2.84 ms, found 4 plugins.
Preloading 0 native plugins for Editor in 0.00 ms.
Unloading 13 Unused Serialized files (Serialized files now loaded: 0)
Unloading 6383 unused Assets / (3.3 MB). Loaded Objects now: 7238.
Memory consumption went from 165.8 MB to 162.5 MB.
Total: 6.883200 ms (FindLiveObjects: 0.387700 ms CreateObjectMapping: 0.284500 ms MarkObjects: 4.868400 ms  DeleteObjects: 1.341400 ms)

Prepare: number of updated asset objects reloaded= 0
========================================================================
Received Prepare
Begin MonoManager ReloadAssembly
- Loaded All Assemblies, in  0.443 seconds
Refreshing native plugins compatible for Editor in 1.20 ms, found 4 plugins.
Native extension for WindowsStandalone target not found
[Package Manager] Failed to launch server process. Reason: Unity was launched with the -noUpm command-line argument
[Package Manager] Unable to send message (not connected to server process).
[Package Manager] Cannot connect to Unity Package Manager local server
Mono: successfully reloaded assembly
- Finished resetting the current domain, in  0.429 seconds
Domain Reload Profiling: 874ms
	BeginReloadAssembly (115ms)
		ExecutionOrderSort (0ms)
		DisableScriptedObjects (4ms)
		BackupInstance (0ms)
		ReleaseScriptingObjects (0ms)
		CreateAndSetChildDomain (26ms)
	RebuildCommonClasses (25ms)
	RebuildNativeTypeToScriptingClass (9ms)
	initialDomainReloadingComplete (19ms)
	LoadAllAssembliesAndSetupDomain (277ms)
		LoadAssemblies (196ms)
		RebuildTransferFunctionScriptingTraits (0ms)
		AnalyzeDomain (121ms)
			TypeCache.Refresh (5ms)
				TypeCache.ScanAssembly (0ms)
			BuildScriptInfoCaches (106ms)
			ResolveRequiredComponents (6ms)
	FinalizeReload (430ms)
		ReleaseScriptCaches (0ms)
		RebuildScriptCaches (0ms)
		SetupLoadedEditorAssemblies (335ms)
			LogAssemblyErrors (0ms)
			InitializePlatformSupportModulesInManaged (2ms)
			SetLoadedEditorAssemblies (4ms)
			BeforeProcessingInitializeOnLoad (73ms)
			ProcessInitializeOnLoadAttributes (223ms)
			ProcessInitializeOnLoadMethodAttributes (31ms)
			AfterProcessingInitializeOnLoad (3ms)
			EditorAssembliesLoaded (0ms)
		ExecutionOrderSort2 (0ms)
		AwakeInstancesAfterBackupRestoration (9ms)
Refreshing native plugins compatible for Editor in 0.95 ms, found 4 plugins.
Preloading 0 native plugins for Editor in 0.00 ms.
Unloading 13 Unused Serialized files (Serialized files now loaded: 0)
Unloading 6383 unused Assets / (4.2 MB). Loaded Objects now: 7241.
Memory consumption went from 165.8 MB to 161.6 MB.
Total: 4.989600 ms (FindLiveObjects: 0.402300 ms CreateObjectMapping: 0.236800 ms MarkObjects: 2.856100 ms  DeleteObjects: 1.493600 ms)

Prepare: number of updated asset objects reloaded= 0
========================================================================
Received Prepare
Begin MonoManager ReloadAssembly
- Loaded All Assemblies, in  0.450 seconds
Refreshing native plugins compatible for Editor in 0.96 ms, found 4 plugins.
Native extension for WindowsStandalone target not found
[Package Manager] Failed to launch server process. Reason: Unity was launched with the -noUpm command-line argument
[Package Manager] Unable to send message (not connected to server process).
[Package Manager] Cannot connect to Unity Package Manager local server
Mono: successfully reloaded assembly
- Finished resetting the current domain, in  0.429 seconds
Domain Reload Profiling: 881ms
	BeginReloadAssembly (112ms)
		ExecutionOrderSort (0ms)
		DisableScriptedObjects (4ms)
		BackupInstance (0ms)
		ReleaseScriptingObjects (0ms)
		CreateAndSetChildDomain (27ms)
	RebuildCommonClasses (23ms)
	RebuildNativeTypeToScriptingClass (9ms)
	initialDomainReloadingComplete (19ms)
	LoadAllAssembliesAndSetupDomain (289ms)
		LoadAssemblies (204ms)
		RebuildTransferFunctionScriptingTraits (0ms)
		AnalyzeDomain (124ms)
			TypeCache.Refresh (7ms)
				TypeCache.ScanAssembly (0ms)
			BuildScriptInfoCaches (107ms)
			ResolveRequiredComponents (6ms)
	FinalizeReload (430ms)
		ReleaseScriptCaches (0ms)
		RebuildScriptCaches (0ms)
		SetupLoadedEditorAssemblies (334ms)
			LogAssemblyErrors (0ms)
			InitializePlatformSupportModulesInManaged (2ms)
			SetLoadedEditorAssemblies (4ms)
			BeforeProcessingInitializeOnLoad (70ms)
			ProcessInitializeOnLoadAttributes (223ms)
			ProcessInitializeOnLoadMethodAttributes (32ms)
			AfterProcessingInitializeOnLoad (3ms)
			EditorAssembliesLoaded (0ms)
		ExecutionOrderSort2 (0ms)
		AwakeInstancesAfterBackupRestoration (10ms)
Refreshing native plugins compatible for Editor in 1.41 ms, found 4 plugins.
Preloading 0 native plugins for Editor in 0.00 ms.
Unloading 13 Unused Serialized files (Serialized files now loaded: 0)
Unloading 6383 unused Assets / (4.3 MB). Loaded Objects now: 7244.
Memory consumption went from 165.8 MB to 161.6 MB.
Total: 5.806400 ms (FindLiveObjects: 1.323100 ms CreateObjectMapping: 0.286100 ms MarkObjects: 2.865500 ms  DeleteObjects: 1.330500 ms)

Prepare: number of updated asset objects reloaded= 0
========================================================================
Received Prepare
Refreshing native plugins compatible for Editor in 1.19 ms, found 4 plugins.
Preloading 0 native plugins for Editor in 0.00 ms.
Unloading 13 Unused Serialized files (Serialized files now loaded: 0)
Unloading 6371 unused Assets / (4.0 MB). Loaded Objects now: 7244.
Memory consumption went from 166.0 MB to 162.0 MB.
Total: 6.519800 ms (FindLiveObjects: 0.677700 ms CreateObjectMapping: 0.206700 ms MarkObjects: 4.013000 ms  DeleteObjects: 1.621500 ms)

Prepare: number of updated asset objects reloaded= 0
========================================================================
Received Prepare
Begin MonoManager ReloadAssembly
- Loaded All Assemblies, in  0.534 seconds
Refreshing native plugins compatible for Editor in 0.88 ms, found 4 plugins.
Native extension for WindowsStandalone target not found
[Package Manager] Failed to launch server process. Reason: Unity was launched with the -noUpm command-line argument
[Package Manager] Unable to send message (not connected to server process).
[Package Manager] Cannot connect to Unity Package Manager local server
Mono: successfully reloaded assembly
- Finished resetting the current domain, in  0.548 seconds
Domain Reload Profiling: 1082ms
	BeginReloadAssembly (161ms)
		ExecutionOrderSort (0ms)
		DisableScriptedObjects (4ms)
		BackupInstance (0ms)
		ReleaseScriptingObjects (0ms)
		CreateAndSetChildDomain (47ms)
	RebuildCommonClasses (29ms)
	RebuildNativeTypeToScriptingClass (9ms)
	initialDomainReloadingComplete (24ms)
	LoadAllAssembliesAndSetupDomain (310ms)
		LoadAssemblies (243ms)
		RebuildTransferFunctionScriptingTraits (0ms)
		AnalyzeDomain (126ms)
			TypeCache.Refresh (7ms)
				TypeCache.ScanAssembly (0ms)
			BuildScriptInfoCaches (109ms)
			ResolveRequiredComponents (6ms)
	FinalizeReload (548ms)
		ReleaseScriptCaches (0ms)
		RebuildScriptCaches (0ms)
		SetupLoadedEditorAssemblies (448ms)
			LogAssemblyErrors (0ms)
			InitializePlatformSupportModulesInManaged (2ms)
			SetLoadedEditorAssemblies (4ms)
			BeforeProcessingInitializeOnLoad (72ms)
			ProcessInitializeOnLoadAttributes (330ms)
			ProcessInitializeOnLoadMethodAttributes (36ms)
			AfterProcessingInitializeOnLoad (5ms)
			EditorAssembliesLoaded (0ms)
		ExecutionOrderSort2 (0ms)
		AwakeInstancesAfterBackupRestoration (10ms)
Refreshing native plugins compatible for Editor in 0.91 ms, found 4 plugins.
Preloading 0 native plugins for Editor in 0.00 ms.
Unloading 13 Unused Serialized files (Serialized files now loaded: 0)
Unloading 6383 unused Assets / (3.9 MB). Loaded Objects now: 7247.
Memory consumption went from 165.9 MB to 161.9 MB.
Total: 6.919300 ms (FindLiveObjects: 0.849800 ms CreateObjectMapping: 0.449500 ms MarkObjects: 4.349800 ms  DeleteObjects: 1.269100 ms)

Prepare: number of updated asset objects reloaded= 0
========================================================================
Received Prepare
Begin MonoManager ReloadAssembly
- Loaded All Assemblies, in  0.459 seconds
Refreshing native plugins compatible for Editor in 1.07 ms, found 4 plugins.
Native extension for WindowsStandalone target not found
[Package Manager] Failed to launch server process. Reason: Unity was launched with the -noUpm command-line argument
[Package Manager] Unable to send message (not connected to server process).
[Package Manager] Cannot connect to Unity Package Manager local server
Mono: successfully reloaded assembly
- Finished resetting the current domain, in  0.427 seconds
Domain Reload Profiling: 887ms
	BeginReloadAssembly (114ms)
		ExecutionOrderSort (0ms)
		DisableScriptedObjects (3ms)
		BackupInstance (0ms)
		ReleaseScriptingObjects (0ms)
		CreateAndSetChildDomain (26ms)
	RebuildCommonClasses (24ms)
	RebuildNativeTypeToScriptingClass (10ms)
	initialDomainReloadingComplete (19ms)
	LoadAllAssembliesAndSetupDomain (294ms)
		LoadAssemblies (212ms)
		RebuildTransferFunctionScriptingTraits (0ms)
		AnalyzeDomain (124ms)
			TypeCache.Refresh (5ms)
				TypeCache.ScanAssembly (0ms)
			BuildScriptInfoCaches (109ms)
			ResolveRequiredComponents (6ms)
	FinalizeReload (427ms)
		ReleaseScriptCaches (0ms)
		RebuildScriptCaches (0ms)
		SetupLoadedEditorAssemblies (331ms)
			LogAssemblyErrors (0ms)
			InitializePlatformSupportModulesInManaged (2ms)
			SetLoadedEditorAssemblies (4ms)
			BeforeProcessingInitializeOnLoad (69ms)
			ProcessInitializeOnLoadAttributes (219ms)
			ProcessInitializeOnLoadMethodAttributes (35ms)
			AfterProcessingInitializeOnLoad (3ms)
			EditorAssembliesLoaded (0ms)
		ExecutionOrderSort2 (0ms)
		AwakeInstancesAfterBackupRestoration (11ms)
Refreshing native plugins compatible for Editor in 0.89 ms, found 4 plugins.
Preloading 0 native plugins for Editor in 0.00 ms.
Unloading 13 Unused Serialized files (Serialized files now loaded: 0)
Unloading 6383 unused Assets / (3.9 MB). Loaded Objects now: 7250.
Memory consumption went from 165.9 MB to 162.0 MB.
Total: 4.858800 ms (FindLiveObjects: 0.407100 ms CreateObjectMapping: 0.317400 ms MarkObjects: 2.890700 ms  DeleteObjects: 1.241800 ms)

Prepare: number of updated asset objects reloaded= 0
========================================================================
Received Prepare
Refreshing native plugins compatible for Editor in 0.91 ms, found 4 plugins.
Preloading 0 native plugins for Editor in 0.00 ms.
Unloading 13 Unused Serialized files (Serialized files now loaded: 0)
Unloading 6413 unused Assets / (4.3 MB). Loaded Objects now: 7292.
Memory consumption went from 166.1 MB to 161.9 MB.
Total: 6.391500 ms (FindLiveObjects: 0.477100 ms CreateObjectMapping: 0.250800 ms MarkObjects: 4.302700 ms  DeleteObjects: 1.359700 ms)

Prepare: number of updated asset objects reloaded= 0
========================================================================
Received Prepare
Refreshing native plugins compatible for Editor in 0.91 ms, found 4 plugins.
Preloading 0 native plugins for Editor in 0.00 ms.
Unloading 13 Unused Serialized files (Serialized files now loaded: 0)
Unloading 6413 unused Assets / (4.2 MB). Loaded Objects now: 7292.
Memory consumption went from 166.2 MB to 161.9 MB.
Total: 4.888200 ms (FindLiveObjects: 0.419900 ms CreateObjectMapping: 0.252400 ms MarkObjects: 2.837700 ms  DeleteObjects: 1.377500 ms)

Prepare: number of updated asset objects reloaded= 0
========================================================================
Received Prepare
Refreshing native plugins compatible for Editor in 0.97 ms, found 4 plugins.
Preloading 0 native plugins for Editor in 0.00 ms.
Unloading 13 Unused Serialized files (Serialized files now loaded: 0)
Unloading 6413 unused Assets / (3.6 MB). Loaded Objects now: 7292.
Memory consumption went from 166.2 MB to 162.6 MB.
Total: 5.721300 ms (FindLiveObjects: 0.840700 ms CreateObjectMapping: 0.433900 ms MarkObjects: 3.240200 ms  DeleteObjects: 1.205600 ms)

Prepare: number of updated asset objects reloaded= 0
========================================================================
Received Prepare
Begin MonoManager ReloadAssembly
- Loaded All Assemblies, in  0.483 seconds
Refreshing native plugins compatible for Editor in 0.86 ms, found 4 plugins.
Assertion failed on expression: 'pred(*previous, *i)'
Assertion failed on expression: 'pred(*previous, *i)'
Assertion failed on expression: 'pred(*previous, *i)'
Assertion failed on expression: 'pred(*previous, *i)'
Assertion failed on expression: 'pred(*previous, *i)'
Assertion failed on expression: 'pred(*previous, *i)'
Assertion failed on expression: 'pred(*previous, *i)'
Assertion failed on expression: 'pred(*previous, *i)'
Assertion failed on expression: 'pred(*previous, *i)'
Assertion failed on expression: 'pred(*previous, *i)'
Assertion failed on expression: 'pred(*previous, *i)'
Assertion failed on expression: 'pred(*previous, *i)'
Assertion failed on expression: 'pred(*previous, *i)'
Assertion failed on expression: 'pred(*previous, *i)'
Assertion failed on expression: 'pred(*previous, *i)'
Assertion failed on expression: 'pred(*previous, *i)'
Assertion failed on expression: 'pred(*previous, *i)'
Assertion failed on expression: 'pred(*previous, *i)'
Assertion failed on expression: 'pred(*previous, *i)'
Assertion failed on expression: 'pred(*previous, *i)'
Assertion failed on expression: 'pred(*previous, *i)'
Assertion failed on expression: 'pred(*previous, *i)'
Assertion failed on expression: 'pred(*previous, *i)'
Assertion failed on expression: 'pred(*previous, *i)'
Assertion failed on expression: 'pred(*previous, *i)'
Assertion failed on expression: 'pred(*previous, *i)'
Assertion failed on expression: 'pred(*previous, *i)'
Assertion failed on expression: 'pred(*previous, *i)'
Assertion failed on expression: 'pred(*previous, *i)'
Assertion failed on expression: 'pred(*previous, *i)'
Assertion failed on expression: 'pred(*previous, *i)'
Assertion failed on expression: 'pred(*previous, *i)'
Assertion failed on expression: 'pred(*previous, *i)'
Assertion failed on expression: 'pred(*previous, *i)'
Assertion failed on expression: 'pred(*previous, *i)'
Assertion failed on expression: 'pred(*previous, *i)'
Assertion failed on expression: 'pred(*previous, *i)'
Assertion failed on expression: 'pred(*previous, *i)'
Native extension for WindowsStandalone target not found
[Package Manager] Failed to launch server process. Reason: Unity was launched with the -noUpm command-line argument
[Package Manager] Unable to send message (not connected to server process).
[Package Manager] Cannot connect to Unity Package Manager local server
Mono: successfully reloaded assembly
- Finished resetting the current domain, in  0.542 seconds
Domain Reload Profiling: 1026ms
	BeginReloadAssembly (116ms)
		ExecutionOrderSort (0ms)
		DisableScriptedObjects (3ms)
		BackupInstance (0ms)
		ReleaseScriptingObjects (0ms)
		CreateAndSetChildDomain (31ms)
	RebuildCommonClasses (22ms)
	RebuildNativeTypeToScriptingClass (8ms)
	initialDomainReloadingComplete (19ms)
	LoadAllAssembliesAndSetupDomain (319ms)
		LoadAssemblies (232ms)
		RebuildTransferFunctionScriptingTraits (0ms)
		AnalyzeDomain (127ms)
			TypeCache.Refresh (8ms)
				TypeCache.ScanAssembly (1ms)
			BuildScriptInfoCaches (109ms)
			ResolveRequiredComponents (6ms)
	FinalizeReload (543ms)
		ReleaseScriptCaches (0ms)
		RebuildScriptCaches (0ms)
		SetupLoadedEditorAssemblies (428ms)
			LogAssemblyErrors (0ms)
			InitializePlatformSupportModulesInManaged (2ms)
			SetLoadedEditorAssemblies (5ms)
			BeforeProcessingInitializeOnLoad (88ms)
			ProcessInitializeOnLoadAttributes (283ms)
			ProcessInitializeOnLoadMethodAttributes (47ms)
			AfterProcessingInitializeOnLoad (3ms)
			EditorAssembliesLoaded (0ms)
		ExecutionOrderSort2 (0ms)
		AwakeInstancesAfterBackupRestoration (13ms)
Refreshing native plugins compatible for Editor in 2.67 ms, found 4 plugins.
Preloading 0 native plugins for Editor in 0.00 ms.
Unloading 13 Unused Serialized files (Serialized files now loaded: 0)
Unloading 6425 unused Assets / (4.3 MB). Loaded Objects now: 7295.
Memory consumption went from 166.1 MB to 161.8 MB.
Total: 6.742800 ms (FindLiveObjects: 0.744000 ms CreateObjectMapping: 0.416400 ms MarkObjects: 3.431100 ms  DeleteObjects: 2.150500 ms)

Prepare: number of updated asset objects reloaded= 0
========================================================================
Received Import Request.
  Time since last request: 4634.935621 seconds.
  path: Assets/object/coin/coin Line 5.prefab
  artifactKey: Guid(87620cc048d260445b053c10c0e17fab) Importer(815301076,1909f56bfc062723c751e8b465ee728b)
Start importing Assets/object/coin/coin Line 5.prefab using Guid(87620cc048d260445b053c10c0e17fab) Importer(815301076,1909f56bfc062723c751e8b465ee728b) (PreviewImporter) -> (artifact id: '2a6d1ddf5ef4a35193f6a9a4e7f28447') in 1.046248 seconds
Number of updated asset objects reloaded before import = 0Number of asset objects unloaded after import = 52

========================================================================
Received Import Request.
  Time since last request: 0.000023 seconds.
  path: Packages/com.unity.render-pipelines.universal/Runtime/Materials/ArnoldStandardSurface/ArnoldStandardSurfaceTransparent.shadergraph
  artifactKey: Guid(30fa68ce467463643a86b839ca0eb195) Importer(815301076,1909f56bfc062723c751e8b465ee728b)
Start importing Packages/com.unity.render-pipelines.universal/Runtime/Materials/ArnoldStandardSurface/ArnoldStandardSurfaceTransparent.shadergraph using Guid(30fa68ce467463643a86b839ca0eb195) Importer(815301076,1909f56bfc062723c751e8b465ee728b) (PreviewImporter) -> (artifact id: '3400a2a0db938f4526d9a18df944cf45') in 1.8463058 seconds
Number of updated asset objects reloaded before import = 0Number of asset objects unloaded after import = 5

========================================================================
Received Import Request.
  Time since last request: 0.000038 seconds.
  path: Packages/com.unity.render-pipelines.universal/Shaders/Nature/SpeedTree9_URP.shadergraph
  artifactKey: Guid(cbd3e1cc4ae141c42a30e33b4d666a61) Importer(815301076,1909f56bfc062723c751e8b465ee728b)
Start importing Packages/com.unity.render-pipelines.universal/Shaders/Nature/SpeedTree9_URP.shadergraph using Guid(cbd3e1cc4ae141c42a30e33b4d666a61) Importer(815301076,1909f56bfc062723c751e8b465ee728b) (PreviewImporter) -> (artifact id: '39c3076a6fee543e1e90108439c84958') in 2.7486399 seconds
Number of updated asset objects reloaded before import = 0Number of asset objects unloaded after import = 0

========================================================================
Received Import Request.
  Time since last request: 0.000047 seconds.
  path: Assets/BTM_Assets/BTM_Items_Gems/Models/Thunder.fbx
  artifactKey: Guid(2de2c222b32b72b4885aa6fd8e8c8ec9) Importer(815301076,1909f56bfc062723c751e8b465ee728b)
Start importing Assets/BTM_Assets/BTM_Items_Gems/Models/Thunder.fbx using Guid(2de2c222b32b72b4885aa6fd8e8c8ec9) Importer(815301076,1909f56bfc062723c751e8b465ee728b) (PreviewImporter) -> (artifact id: '539d76a4b4f9ae0d7780eafa919e84ce') in 0.0362761 seconds
Number of updated asset objects reloaded before import = 0Number of asset objects unloaded after import = 9

========================================================================
Received Import Request.
  Time since last request: 0.000063 seconds.
  path: Packages/com.unity.searcher/Editor/Resources/FlatSkin/Font/Roboto-Medium.ttf
  artifactKey: Guid(a51a3aebb43ac044989270407476b208) Importer(815301076,1909f56bfc062723c751e8b465ee728b)
Start importing Packages/com.unity.searcher/Editor/Resources/FlatSkin/Font/Roboto-Medium.ttf using Guid(a51a3aebb43ac044989270407476b208) Importer(815301076,1909f56bfc062723c751e8b465ee728b) (PreviewImporter) -> (artifact id: '08e1179410c0bb49dd975301e36b7417') in 0.0262739 seconds
Number of updated asset objects reloaded before import = 0Number of asset objects unloaded after import = 4

========================================================================
Received Import Request.
  Time since last request: 0.000028 seconds.
  path: Assets/BTM_Assets/BTM_Items_Gems/Models/Magnet.fbx
  artifactKey: Guid(e9f10851f5b79d94db00a34dbfa7afa9) Importer(815301076,1909f56bfc062723c751e8b465ee728b)
Start importing Assets/BTM_Assets/BTM_Items_Gems/Models/Magnet.fbx using Guid(e9f10851f5b79d94db00a34dbfa7afa9) Importer(815301076,1909f56bfc062723c751e8b465ee728b) (PreviewImporter) -> (artifact id: '40ac6e06c760c72fd35ad514f2f8d063') in 0.0246051 seconds
Number of updated asset objects reloaded before import = 0Number of asset objects unloaded after import = 9

========================================================================
Received Import Request.
  Time since last request: 0.000028 seconds.
  path: Packages/com.unity.render-pipelines.universal/Shaders/AutodeskInteractive/AutodeskInteractiveTransparent.shadergraph
  artifactKey: Guid(5c81372d981403744adbdda4433c9c11) Importer(815301076,1909f56bfc062723c751e8b465ee728b)
Start importing Packages/com.unity.render-pipelines.universal/Shaders/AutodeskInteractive/AutodeskInteractiveTransparent.shadergraph using Guid(5c81372d981403744adbdda4433c9c11) Importer(815301076,1909f56bfc062723c751e8b465ee728b) (PreviewImporter) -> (artifact id: '69a9ac9a04868edbffd1cbaf9c8bcba1') in 2.189818 seconds
Number of updated asset objects reloaded before import = 0Number of asset objects unloaded after import = 0

========================================================================
Received Import Request.
  Time since last request: 0.732114 seconds.
  path: Assets/FastMesh/Meshs/Road/TrashCan.fbx
  artifactKey: Guid(3d838d5619a6248498e63a0578f4faf7) Importer(815301076,1909f56bfc062723c751e8b465ee728b)
Start importing Assets/FastMesh/Meshs/Road/TrashCan.fbx using Guid(3d838d5619a6248498e63a0578f4faf7) Importer(815301076,1909f56bfc062723c751e8b465ee728b) (PreviewImporter) -> (artifact id: '9ac5838c681933b2ed1b7444208bc37c') in 0.068016 seconds
Number of updated asset objects reloaded before import = 0Number of asset objects unloaded after import = 24

========================================================================
Received Import Request.
  Time since last request: 0.000023 seconds.
  path: Assets/Versatile Studio Assets/Demo City By Versatile Studio/Models/tree_2.fbx
  artifactKey: Guid(ffa56748ab32eb94abdad75551227af6) Importer(815301076,1909f56bfc062723c751e8b465ee728b)
Start importing Assets/Versatile Studio Assets/Demo City By Versatile Studio/Models/tree_2.fbx using Guid(ffa56748ab32eb94abdad75551227af6) Importer(815301076,1909f56bfc062723c751e8b465ee728b) (PreviewImporter) -> (artifact id: '45f5bc1e0d088a3bb93a1a7ca75ec3ba') in 0.027198 seconds
Number of updated asset objects reloaded before import = 0Number of asset objects unloaded after import = 13

========================================================================
Received Import Request.
  Time since last request: 0.899043 seconds.
  path: Assets/BTM_Assets/BTM_Items_Gems/Prefabs/SkullBones.prefab
  artifactKey: Guid(01fba43840893414a83863004e3a487b) Importer(815301076,1909f56bfc062723c751e8b465ee728b)
Start importing Assets/BTM_Assets/BTM_Items_Gems/Prefabs/SkullBones.prefab using Guid(01fba43840893414a83863004e3a487b) Importer(815301076,1909f56bfc062723c751e8b465ee728b) (PreviewImporter) -> (artifact id: 'b86920c6dc38c126935172694b10ef68') in 0.0148749 seconds
Number of updated asset objects reloaded before import = 0Number of asset objects unloaded after import = 18

========================================================================
Received Import Request.
  Time since last request: 0.000017 seconds.
  path: Assets/BTM_Assets/BTM_Items_Gems/Prefabs/SpeedChevYellow.prefab
  artifactKey: Guid(84b95e80250efd2408969492c3002afd) Importer(815301076,1909f56bfc062723c751e8b465ee728b)
Start importing Assets/BTM_Assets/BTM_Items_Gems/Prefabs/SpeedChevYellow.prefab using Guid(84b95e80250efd2408969492c3002afd) Importer(815301076,1909f56bfc062723c751e8b465ee728b) (PreviewImporter) -> (artifact id: '6ce341d54650043066f69c32520fcf77') in 0.0127151 seconds
Number of updated asset objects reloaded before import = 0Number of asset objects unloaded after import = 18

========================================================================
Received Import Request.
  Time since last request: 0.000016 seconds.
  path: Assets/BTM_Assets/BTM_Items_Gems/Prefabs/SphereGem.prefab
  artifactKey: Guid(d8b39e1612b32b94d84dfe14087815b2) Importer(815301076,1909f56bfc062723c751e8b465ee728b)
Start importing Assets/BTM_Assets/BTM_Items_Gems/Prefabs/SphereGem.prefab using Guid(d8b39e1612b32b94d84dfe14087815b2) Importer(815301076,1909f56bfc062723c751e8b465ee728b) (PreviewImporter) -> (artifact id: 'f63269211a476f6c05ca6e9d2efeca45') in 0.0135131 seconds
Number of updated asset objects reloaded before import = 0Number of asset objects unloaded after import = 18

========================================================================
Received Import Request.
  Time since last request: 0.154699 seconds.
  path: Assets/Prefab/Trash box 2 AL.prefab
  artifactKey: Guid(cd6c16f79bd3d6948b1d49658ee1eda0) Importer(815301076,1909f56bfc062723c751e8b465ee728b)
Start importing Assets/Prefab/Trash box 2 AL.prefab using Guid(cd6c16f79bd3d6948b1d49658ee1eda0) Importer(815301076,1909f56bfc062723c751e8b465ee728b) (PreviewImporter) -> (artifact id: 'cbbee97e4dfc982f0bbb50ce6d3b1167') in 0.0858883 seconds
Number of updated asset objects reloaded before import = 0Number of asset objects unloaded after import = 49

Editor requested this worker to shutdown with reason: Scaling down because of idle timeout
AssetImportWorker is now disconnected from the server
Process exiting
Exiting without the bug reporter. Application will terminate with return code 0